,round,categ_num,categ_person,flg_max_num,id,age,gender,gpa,income,subject_risk,cheat_activity,cheat_disagree,inc,holt_risk,mean_side,mean_cat_person
0,1,2,2,0,b0s88jol,21.0,Male,9.0,10 000 - 20 000 rubles,6.0,3.0,4.0,2,7,0.5,1.75
1,1,2,1,0,fgy4bsys,20.0,Male,6.0,40 000 - 70 000 rubles,3.0,3.0,4.0,4,6,0.5,1.5
2,1,3,1,0,au42r31p,21.0,Male,8.0,20 000 - 40 000 rubles,6.0,5.0,6.0,3,6,0.75,1.0
3,1,1,1,0,dj8u2oej,21.0,Female,8.0,<10 000 rubles,3.0,1.0,10.0,1,6,0.125,1.0
4,1,3,1,1,6yhpp3ae,21.0,Male,7.0,<10 000 rubles,4.0,3.0,7.0,1,4,0.75,1.0
5,1,2,3,0,ccna7j4r,21.0,Female,8.0,40 000 - 70 000 rubles,7.0,6.0,8.0,4,7,0.625,1.875
6,1,2,2,0,k5aiaq5z,19.0,Female,9.0,10 000 - 20 000 rubles,4.0,3.0,5.0,2,2,0.375,1.125
7,1,1,1,1,wwh5c4qx,20.0,Male,7.0,70 000 - 100 000 rubles,6.0,1.0,10.0,5,5,0.625,1.375
8,1,3,1,0,c4theher,22.0,Female,9.0,>100 000 rubles,7.0,3.0,6.0,6,6,0.75,1.75
9,1,2,1,1,gxzil8r6,21.0,Male,8.0,>100 000 rubles,8.0,3.0,10.0,6,4,0.75,1.0
10,1,2,1,0,vweul44w,20.0,Female,9.0,40 000 - 70 000 rubles,2.0,1.0,10.0,4,3,0.625,1.125
11,1,2,3,0,tssy3ee6,21.0,Female,6.0,20 000 - 40 000 rubles,8.0,3.0,8.0,3,7,0.75,2.125
12,1,3,1,1,9k4c7om1,20.0,Female,7.0,<10 000 rubles,6.0,3.0,4.0,1,5,0.5,1.25
13,1,2,1,1,w32okdcv,20.0,Male,7.0,20 000 - 40 000 rubles,3.0,1.0,10.0,3,5,0.625,1.625
14,1,3,1,0,xf3nj1in,21.0,Male,6.0,20 000 - 40 000 rubles,5.0,3.0,10.0,3,2,0.5,1.0
15,1,2,1,1,5y7x35fr,20.0,Female,8.0,10 000 - 20 000 rubles,6.0,5.0,5.0,2,5,0.375,1.375
16,1,3,2,0,xxwo1s8k,19.0,Female,9.0,40 000 - 70 000 rubles,3.0,2.0,8.0,4,7,0.5,1.125
17,1,2,1,1,pz2ntzyz,20.0,Female,6.0,20 000 - 40 000 rubles,5.0,4.0,6.0,3,4,0.75,1.0
18,1,3,1,1,lzu4f2al,20.0,Female,8.0,10 000 - 20 000 rubles,4.0,2.0,5.0,2,3,0.625,1.0
19,1,1,1,1,hqfyrx31,20.0,Female,9.0,70 000 - 100 000 rubles,5.0,3.0,3.0,5,2,0.875,1.0
20,1,2,1,0,ym95j2cc,20.0,Female,8.0,40 000 - 70 000 rubles,4.0,4.0,4.0,4,5,0.5,1.75
21,1,2,1,1,ynata8fr,21.0,Female,7.0,70 000 - 100 000 rubles,6.0,7.0,4.0,5,3,0.75,1.5
22,1,1,1,0,v2mnqbhc,21.0,Female,8.0,40 000 - 70 000 rubles,5.0,2.0,8.0,4,2,0.625,1.0
23,1,2,1,1,sqif5qxa,22.0,Male,7.0,40 000 - 70 000 rubles,2.0,4.0,5.0,4,3,0.625,1.0
24,1,2,1,1,k5kam98u,19.0,Female,8.0,20 000 - 40 000 rubles,4.0,5.0,6.0,3,2,0.75,1.875
25,1,2,1,1,7d15mdk2,19.0,Female,8.0,>100 000 rubles,8.0,2.0,9.0,6,5,0.875,2.375
26,1,2,1,0,4gzj35zj,21.0,Male,8.0,<10 000 rubles,7.0,2.0,7.0,1,5,0.5,1.75
27,1,3,1,1,x5dvpd1m,20.0,Female,8.0,40 000 - 70 000 rubles,7.0,6.0,3.0,4,8,0.625,2.25
28,1,2,1,0,9a9rdfim,21.0,Male,8.0,70 000 - 100 000 rubles,2.0,3.0,10.0,5,2,0.125,1.25
29,1,2,1,1,vlt4uukn,20.0,Male,7.0,40 000 - 70 000 rubles,8.0,8.0,2.0,4,6,0.875,1.0
30,1,2,1,1,0ow5w7je,20.0,Male,7.0,20 000 - 40 000 rubles,8.0,5.0,8.0,3,6,0.875,1.25
31,1,3,3,0,7skvogqj,20.0,Female,7.0,20 000 - 40 000 rubles,5.0,9.0,8.0,3,5,0.625,1.5
32,1,1,1,0,d8ht1iwm,20.0,Male,10.0,10 000 - 20 000 rubles,3.0,3.0,7.0,2,3,0.375,1.0
33,1,3,1,0,9y70ywn0,19.0,Male,9.0,>100 000 rubles,8.0,1.0,5.0,6,4,0.5,1.0
34,1,2,2,1,v5u2lpx3,20.0,Male,9.0,10 000 - 20 000 rubles,4.0,1.0,10.0,2,4,0.875,2.0
35,1,3,1,0,bbjpbwsz,20.0,Female,8.0,20 000 - 40 000 rubles,7.0,3.0,8.0,3,6,0.75,2.5
36,1,3,1,1,rnp0bj7s,20.0,Female,8.0,40 000 - 70 000 rubles,5.0,3.0,6.0,4,6,0.75,1.0
37,1,2,1,0,6abqubju,19.0,Female,8.0,40 000 - 70 000 rubles,4.0,3.0,8.0,4,3,0.5,1.75
38,1,3,3,1,rvgteb3g,19.0,Female,8.0,20 000 - 40 000 rubles,8.0,4.0,6.0,3,9,0.875,2.5
39,1,3,2,1,obe5mwhf,21.0,Female,8.0,20 000 - 40 000 rubles,2.0,3.0,8.0,3,4,0.5,1.75
40,1,3,1,0,f3lxg2w5,21.0,Male,9.0,70 000 - 100 000 rubles,7.0,6.0,5.0,5,6,0.75,1.375
41,1,1,1,0,hd2fmrvz,19.0,Male,7.0,10 000 - 20 000 rubles,6.0,4.0,9.0,2,2,0.625,1.625
42,1,3,1,0,5okx6ma4,21.0,Male,9.0,>100 000 rubles,3.0,5.0,5.0,6,6,0.0,1.0
43,1,3,1,1,nt0ty2kl,21.0,Male,8.0,70 000 - 100 000 rubles,10.0,2.0,10.0,5,6,0.625,1.0
44,1,3,1,1,l1rb2j0z,21.0,Female,8.0,10 000 - 20 000 rubles,7.0,3.0,9.0,2,4,0.375,1.625
45,1,2,3,1,1rdx94cq,21.0,Male,7.0,>100 000 rubles,10.0,5.0,5.0,6,1,0.75,2.375
46,1,1,1,1,fsie3o6a,21.0,Female,8.0,40 000 - 70 000 rubles,6.0,4.0,8.0,4,8,0.75,1.0
47,1,2,1,1,yk8we7oo,21.0,Female,9.0,>100 000 rubles,1.0,3.0,5.0,6,6,0.375,1.25
48,1,2,1,1,evck7avu,21.0,Female,5.0,>100 000 rubles,3.0,4.0,6.0,6,1,0.625,1.125
49,1,1,3,1,f1g8nodq,20.0,Male,8.0,40 000 - 70 000 rubles,6.0,2.0,7.0,4,7,0.75,1.875
50,1,2,1,0,jdqa11s2,21.0,Female,9.0,20 000 - 40 000 rubles,3.0,7.0,7.0,3,6,0.625,1.625
51,1,1,1,0,knyd53il,20.0,Male,8.0,20 000 - 40 000 rubles,6.0,2.0,8.0,3,6,0.625,1.875
52,1,1,3,0,ooi7nekh,21.0,Male,7.0,70 000 - 100 000 rubles,8.0,2.0,8.0,5,6,0.375,3.0
53,1,1,1,0,l7zu3ga1,21.0,Female,8.0,>100 000 rubles,9.0,6.0,9.0,6,4,0.625,1.125
54,1,1,1,0,tenkfair,21.0,Female,7.0,40 000 - 70 000 rubles,7.0,5.0,3.0,4,4,0.75,1.875
55,1,3,3,1,dw0p5aus,24.0,Female,8.0,70 000 - 100 000 rubles,6.0,4.0,9.0,5,4,0.5,2.625
56,1,3,1,0,nhrultn8,20.0,Female,7.0,40 000 - 70 000 rubles,7.0,8.0,2.0,4,6,0.5,1.75
57,1,3,1,0,knz9rl9y,20.0,Female,8.0,70 000 - 100 000 rubles,10.0,10.0,1.0,5,2,0.75,2.125
58,1,1,1,1,gisfg4h9,20.0,Female,9.0,70 000 - 100 000 rubles,8.0,4.0,8.0,5,6,0.625,1.0
59,1,1,1,1,5ud4qjhj,20.0,Male,5.0,20 000 - 40 000 rubles,7.0,6.0,8.0,3,6,0.75,1.625
60,1,1,1,0,exnfiplb,21.0,Female,8.0,20 000 - 40 000 rubles,7.0,8.0,7.0,3,4,0.5,1.0
61,1,2,1,0,4pwfi1p4,21.0,Female,8.0,70 000 - 100 000 rubles,3.0,9.0,2.0,5,4,0.625,2.0
62,1,1,1,1,l6bvwme4,21.0,Male,9.0,40 000 - 70 000 rubles,7.0,7.0,5.0,4,4,0.75,1.0
63,1,1,1,1,eqchj0w7,21.0,Male,9.0,<10 000 rubles,7.0,3.0,3.0,1,1,0.625,1.0
64,1,2,1,0,dg903mo3,21.0,Male,7.0,40 000 - 70 000 rubles,10.0,8.0,8.0,4,7,0.5,1.25
65,1,3,1,1,7iw5gvwz,21.0,Male,5.0,>100 000 rubles,5.0,10.0,3.0,6,6,0.5,1.0
66,1,2,1,0,w7tw5x8r,21.0,Female,8.0,20 000 - 40 000 rubles,9.0,3.0,2.0,3,6,0.75,1.875
67,1,2,1,0,6ixv8n1i,21.0,Female,9.0,20 000 - 40 000 rubles,8.0,2.0,5.0,3,8,0.5,1.25
68,1,2,3,0,0t505mu7,19.0,Male,5.0,10 000 - 20 000 rubles,9.0,5.0,8.0,2,7,0.5,2.625
69,1,1,1,1,b8icfsi6,21.0,Female,7.0,40 000 - 70 000 rubles,7.0,5.0,10.0,4,4,0.875,1.0
70,1,1,2,1,e0bpat9i,22.0,Female,7.0,40 000 - 70 000 rubles,7.0,2.0,7.0,4,8,0.875,2.375
71,1,3,3,1,3qcyrqp3,24.0,Male,8.0,>100 000 rubles,8.0,2.0,8.0,6,9,0.5,2.5
72,1,1,3,1,qt4qf9sm,20.0,Female,6.0,10 000 - 20 000 rubles,8.0,4.0,6.0,2,9,0.625,2.625
73,1,3,3,1,glednkge,22.0,Male,7.0,40 000 - 70 000 rubles,8.0,2.0,8.0,4,8,0.5,2.25
74,1,3,2,0,19rd7obr,19.0,Female,9.0,<10 000 rubles,8.0,1.0,9.0,1,8,0.375,2.25
75,1,2,3,1,38z8h7xh,18.0,Male,6.0,<10 000 rubles,8.0,6.0,6.0,1,7,0.75,2.875
76,1,3,2,1,yjssiiak,21.0,Male,10.0,20 000 - 40 000 rubles,8.0,2.0,8.0,3,9,0.625,2.25
77,1,1,1,1,dqqwewna,19.0,Female,7.0,70 000 - 100 000 rubles,7.0,3.0,8.0,5,7,0.625,2.625
78,1,1,3,1,hold064k,20.0,Male,6.0,>100 000 rubles,8.0,4.0,8.0,6,7,0.75,2.125
79,1,3,2,1,p0wf5ypc,20.0,Female,9.0,20 000 - 40 000 rubles,7.0,2.0,8.0,3,8,0.625,2.125
80,1,3,2,1,uoxpq3xb,22.0,Female,8.0,70 000 - 100 000 rubles,6.0,1.0,10.0,5,9,1.0,2.25
81,1,3,3,1,iii1294w,21.0,Male,7.0,20 000 - 40 000 rubles,7.0,4.0,8.0,3,9,0.75,2.5
82,1,3,3,0,0cyoyx66,22.0,Male,8.0,70 000 - 100 000 rubles,6.0,1.0,8.0,5,7,0.625,2.25
83,1,3,2,1,ax6r14op,23.0,Female,9.0,>100 000 rubles,8.0,3.0,9.0,6,7,0.625,2.0
84,1,1,2,1,3622n19e,22.0,Female,7.0,70 000 - 100 000 rubles,7.0,2.0,9.0,5,9,0.875,2.625
85,1,2,1,1,kf5m570s,22.0,Female,6.0,20 000 - 40 000 rubles,6.0,3.0,6.0,3,7,0.75,2.625
86,2,2,2,0,b0s88jol,21.0,Male,9.0,10 000 - 20 000 rubles,6.0,3.0,4.0,2,7,0.5,1.75
87,2,3,1,0,fgy4bsys,20.0,Male,6.0,40 000 - 70 000 rubles,3.0,3.0,4.0,4,6,0.5,1.5
88,2,1,1,1,au42r31p,21.0,Male,8.0,20 000 - 40 000 rubles,6.0,5.0,6.0,3,6,0.75,1.0
89,2,1,1,0,dj8u2oej,21.0,Female,8.0,<10 000 rubles,3.0,1.0,10.0,1,6,0.125,1.0
90,2,2,1,1,6yhpp3ae,21.0,Male,7.0,<10 000 rubles,4.0,3.0,7.0,1,4,0.75,1.0
91,2,1,1,1,ccna7j4r,21.0,Female,8.0,40 000 - 70 000 rubles,7.0,6.0,8.0,4,7,0.625,1.875
92,2,3,1,1,k5aiaq5z,19.0,Female,9.0,10 000 - 20 000 rubles,4.0,3.0,5.0,2,2,0.375,1.125
93,2,1,1,1,wwh5c4qx,20.0,Male,7.0,70 000 - 100 000 rubles,6.0,1.0,10.0,5,5,0.625,1.375
94,2,1,1,1,c4theher,22.0,Female,9.0,>100 000 rubles,7.0,3.0,6.0,6,6,0.75,1.75
95,2,3,1,1,gxzil8r6,21.0,Male,8.0,>100 000 rubles,8.0,3.0,10.0,6,4,0.75,1.0
96,2,2,2,1,vweul44w,20.0,Female,9.0,40 000 - 70 000 rubles,2.0,1.0,10.0,4,3,0.625,1.125
97,2,2,3,1,tssy3ee6,21.0,Female,6.0,20 000 - 40 000 rubles,8.0,3.0,8.0,3,7,0.75,2.125
98,2,1,2,1,9k4c7om1,20.0,Female,7.0,<10 000 rubles,6.0,3.0,4.0,1,5,0.5,1.25
99,2,3,1,0,w32okdcv,20.0,Male,7.0,20 000 - 40 000 rubles,3.0,1.0,10.0,3,5,0.625,1.625
100,2,1,1,1,xf3nj1in,21.0,Male,6.0,20 000 - 40 000 rubles,5.0,3.0,10.0,3,2,0.5,1.0
101,2,1,1,0,5y7x35fr,20.0,Female,8.0,10 000 - 20 000 rubles,6.0,5.0,5.0,2,5,0.375,1.375
102,2,3,1,0,xxwo1s8k,19.0,Female,9.0,40 000 - 70 000 rubles,3.0,2.0,8.0,4,7,0.5,1.125
103,2,1,1,1,pz2ntzyz,20.0,Female,6.0,20 000 - 40 000 rubles,5.0,4.0,6.0,3,4,0.75,1.0
104,2,1,1,0,lzu4f2al,20.0,Female,8.0,10 000 - 20 000 rubles,4.0,2.0,5.0,2,3,0.625,1.0
105,2,1,1,1,hqfyrx31,20.0,Female,9.0,70 000 - 100 000 rubles,5.0,3.0,3.0,5,2,0.875,1.0
106,2,3,3,1,ym95j2cc,20.0,Female,8.0,40 000 - 70 000 rubles,4.0,4.0,4.0,4,5,0.5,1.75
107,2,1,1,1,ynata8fr,21.0,Female,7.0,70 000 - 100 000 rubles,6.0,7.0,4.0,5,3,0.75,1.5
108,2,1,1,1,v2mnqbhc,21.0,Female,8.0,40 000 - 70 000 rubles,5.0,2.0,8.0,4,2,0.625,1.0
109,2,3,1,1,sqif5qxa,22.0,Male,7.0,40 000 - 70 000 rubles,2.0,4.0,5.0,4,3,0.625,1.0
110,2,2,1,1,k5kam98u,19.0,Female,8.0,20 000 - 40 000 rubles,4.0,5.0,6.0,3,2,0.75,1.875
111,2,3,2,1,7d15mdk2,19.0,Female,8.0,>100 000 rubles,8.0,2.0,9.0,6,5,0.875,2.375
112,2,3,1,1,4gzj35zj,21.0,Male,8.0,<10 000 rubles,7.0,2.0,7.0,1,5,0.5,1.75
113,2,2,3,0,x5dvpd1m,20.0,Female,8.0,40 000 - 70 000 rubles,7.0,6.0,3.0,4,8,0.625,2.25
114,2,1,1,1,9a9rdfim,21.0,Male,8.0,70 000 - 100 000 rubles,2.0,3.0,10.0,5,2,0.125,1.25
115,2,2,1,1,vlt4uukn,20.0,Male,7.0,40 000 - 70 000 rubles,8.0,8.0,2.0,4,6,0.875,1.0
116,2,2,3,1,0ow5w7je,20.0,Male,7.0,20 000 - 40 000 rubles,8.0,5.0,8.0,3,6,0.875,1.25
117,2,3,1,0,7skvogqj,20.0,Female,7.0,20 000 - 40 000 rubles,5.0,9.0,8.0,3,5,0.625,1.5
118,2,3,1,0,d8ht1iwm,20.0,Male,10.0,10 000 - 20 000 rubles,3.0,3.0,7.0,2,3,0.375,1.0
119,2,1,1,0,9y70ywn0,19.0,Male,9.0,>100 000 rubles,8.0,1.0,5.0,6,4,0.5,1.0
120,2,2,1,1,v5u2lpx3,20.0,Male,9.0,10 000 - 20 000 rubles,4.0,1.0,10.0,2,4,0.875,2.0
121,2,1,3,1,bbjpbwsz,20.0,Female,8.0,20 000 - 40 000 rubles,7.0,3.0,8.0,3,6,0.75,2.5
122,2,2,1,1,rnp0bj7s,20.0,Female,8.0,40 000 - 70 000 rubles,5.0,3.0,6.0,4,6,0.75,1.0
123,2,3,1,0,6abqubju,19.0,Female,8.0,40 000 - 70 000 rubles,4.0,3.0,8.0,4,3,0.5,1.75
124,2,1,2,1,rvgteb3g,19.0,Female,8.0,20 000 - 40 000 rubles,8.0,4.0,6.0,3,9,0.875,2.5
125,2,1,1,0,obe5mwhf,21.0,Female,8.0,20 000 - 40 000 rubles,2.0,3.0,8.0,3,4,0.5,1.75
126,2,2,1,1,f3lxg2w5,21.0,Male,9.0,70 000 - 100 000 rubles,7.0,6.0,5.0,5,6,0.75,1.375
127,2,2,3,0,hd2fmrvz,19.0,Male,7.0,10 000 - 20 000 rubles,6.0,4.0,9.0,2,2,0.625,1.625
128,2,2,1,0,5okx6ma4,21.0,Male,9.0,>100 000 rubles,3.0,5.0,5.0,6,6,0.0,1.0
129,2,2,1,1,nt0ty2kl,21.0,Male,8.0,70 000 - 100 000 rubles,10.0,2.0,10.0,5,6,0.625,1.0
130,2,1,2,0,l1rb2j0z,21.0,Female,8.0,10 000 - 20 000 rubles,7.0,3.0,9.0,2,4,0.375,1.625
131,2,3,2,1,1rdx94cq,21.0,Male,7.0,>100 000 rubles,10.0,5.0,5.0,6,1,0.75,2.375
132,2,3,1,1,fsie3o6a,21.0,Female,8.0,40 000 - 70 000 rubles,6.0,4.0,8.0,4,8,0.75,1.0
133,2,3,1,0,yk8we7oo,21.0,Female,9.0,>100 000 rubles,1.0,3.0,5.0,6,6,0.375,1.25
134,2,1,1,1,evck7avu,21.0,Female,5.0,>100 000 rubles,3.0,4.0,6.0,6,1,0.625,1.125
135,2,1,1,0,f1g8nodq,20.0,Male,8.0,40 000 - 70 000 rubles,6.0,2.0,7.0,4,7,0.75,1.875
136,2,2,1,0,jdqa11s2,21.0,Female,9.0,20 000 - 40 000 rubles,3.0,7.0,7.0,3,6,0.625,1.625
137,2,1,2,1,knyd53il,20.0,Male,8.0,20 000 - 40 000 rubles,6.0,2.0,8.0,3,6,0.625,1.875
138,2,2,3,0,ooi7nekh,21.0,Male,7.0,70 000 - 100 000 rubles,8.0,2.0,8.0,5,6,0.375,3.0
139,2,1,1,1,l7zu3ga1,21.0,Female,8.0,>100 000 rubles,9.0,6.0,9.0,6,4,0.625,1.125
140,2,2,3,1,tenkfair,21.0,Female,7.0,40 000 - 70 000 rubles,7.0,5.0,3.0,4,4,0.75,1.875
141,2,3,2,1,dw0p5aus,24.0,Female,8.0,70 000 - 100 000 rubles,6.0,4.0,9.0,5,4,0.5,2.625
142,2,1,1,1,nhrultn8,20.0,Female,7.0,40 000 - 70 000 rubles,7.0,8.0,2.0,4,6,0.5,1.75
143,2,3,1,1,knz9rl9y,20.0,Female,8.0,70 000 - 100 000 rubles,10.0,10.0,1.0,5,2,0.75,2.125
144,2,1,1,1,gisfg4h9,20.0,Female,9.0,70 000 - 100 000 rubles,8.0,4.0,8.0,5,6,0.625,1.0
145,2,1,1,1,5ud4qjhj,20.0,Male,5.0,20 000 - 40 000 rubles,7.0,6.0,8.0,3,6,0.75,1.625
146,2,3,1,0,exnfiplb,21.0,Female,8.0,20 000 - 40 000 rubles,7.0,8.0,7.0,3,4,0.5,1.0
147,2,3,1,1,4pwfi1p4,21.0,Female,8.0,70 000 - 100 000 rubles,3.0,9.0,2.0,5,4,0.625,2.0
148,2,2,1,0,l6bvwme4,21.0,Male,9.0,40 000 - 70 000 rubles,7.0,7.0,5.0,4,4,0.75,1.0
149,2,1,1,1,eqchj0w7,21.0,Male,9.0,<10 000 rubles,7.0,3.0,3.0,1,1,0.625,1.0
150,2,1,1,0,dg903mo3,21.0,Male,7.0,40 000 - 70 000 rubles,10.0,8.0,8.0,4,7,0.5,1.25
151,2,2,1,1,7iw5gvwz,21.0,Male,5.0,>100 000 rubles,5.0,10.0,3.0,6,6,0.5,1.0
152,2,1,1,0,w7tw5x8r,21.0,Female,8.0,20 000 - 40 000 rubles,9.0,3.0,2.0,3,6,0.75,1.875
153,2,3,3,1,6ixv8n1i,21.0,Female,9.0,20 000 - 40 000 rubles,8.0,2.0,5.0,3,8,0.5,1.25
154,2,2,3,1,0t505mu7,19.0,Male,5.0,10 000 - 20 000 rubles,9.0,5.0,8.0,2,7,0.5,2.625
155,2,1,1,1,b8icfsi6,21.0,Female,7.0,40 000 - 70 000 rubles,7.0,5.0,10.0,4,4,0.875,1.0
156,2,2,2,1,e0bpat9i,22.0,Female,7.0,40 000 - 70 000 rubles,7.0,2.0,7.0,4,8,0.875,2.375
157,2,1,2,0,3qcyrqp3,24.0,Male,8.0,>100 000 rubles,8.0,2.0,8.0,6,9,0.5,2.5
158,2,2,3,1,qt4qf9sm,20.0,Female,6.0,10 000 - 20 000 rubles,8.0,4.0,6.0,2,9,0.625,2.625
159,2,2,3,0,glednkge,22.0,Male,7.0,40 000 - 70 000 rubles,8.0,2.0,8.0,4,8,0.5,2.25
160,2,2,3,1,19rd7obr,19.0,Female,9.0,<10 000 rubles,8.0,1.0,9.0,1,8,0.375,2.25
161,2,1,3,1,38z8h7xh,18.0,Male,6.0,<10 000 rubles,8.0,6.0,6.0,1,7,0.75,2.875
162,2,1,2,0,yjssiiak,21.0,Male,10.0,20 000 - 40 000 rubles,8.0,2.0,8.0,3,9,0.625,2.25
163,2,3,2,0,dqqwewna,19.0,Female,7.0,70 000 - 100 000 rubles,7.0,3.0,8.0,5,7,0.625,2.625
164,2,1,2,0,hold064k,20.0,Male,6.0,>100 000 rubles,8.0,4.0,8.0,6,7,0.75,2.125
165,2,1,2,0,p0wf5ypc,20.0,Female,9.0,20 000 - 40 000 rubles,7.0,2.0,8.0,3,8,0.625,2.125
166,2,3,3,1,uoxpq3xb,22.0,Female,8.0,70 000 - 100 000 rubles,6.0,1.0,10.0,5,9,1.0,2.25
167,2,3,3,1,iii1294w,21.0,Male,7.0,20 000 - 40 000 rubles,7.0,4.0,8.0,3,9,0.75,2.5
168,2,2,3,1,0cyoyx66,22.0,Male,8.0,70 000 - 100 000 rubles,6.0,1.0,8.0,5,7,0.625,2.25
169,2,1,2,0,ax6r14op,23.0,Female,9.0,>100 000 rubles,8.0,3.0,9.0,6,7,0.625,2.0
170,2,2,3,1,3622n19e,22.0,Female,7.0,70 000 - 100 000 rubles,7.0,2.0,9.0,5,9,0.875,2.625
171,2,2,3,0,kf5m570s,22.0,Female,6.0,20 000 - 40 000 rubles,6.0,3.0,6.0,3,7,0.75,2.625
172,3,1,1,1,b0s88jol,21.0,Male,9.0,10 000 - 20 000 rubles,6.0,3.0,4.0,2,7,0.5,1.75
173,3,3,1,0,fgy4bsys,20.0,Male,6.0,40 000 - 70 000 rubles,3.0,3.0,4.0,4,6,0.5,1.5
174,3,3,1,1,au42r31p,21.0,Male,8.0,20 000 - 40 000 rubles,6.0,5.0,6.0,3,6,0.75,1.0
175,3,1,1,0,dj8u2oej,21.0,Female,8.0,<10 000 rubles,3.0,1.0,10.0,1,6,0.125,1.0
176,3,2,1,1,6yhpp3ae,21.0,Male,7.0,<10 000 rubles,4.0,3.0,7.0,1,4,0.75,1.0
177,3,2,3,1,ccna7j4r,21.0,Female,8.0,40 000 - 70 000 rubles,7.0,6.0,8.0,4,7,0.625,1.875
178,3,3,1,0,k5aiaq5z,19.0,Female,9.0,10 000 - 20 000 rubles,4.0,3.0,5.0,2,2,0.375,1.125
179,3,1,1,1,wwh5c4qx,20.0,Male,7.0,70 000 - 100 000 rubles,6.0,1.0,10.0,5,5,0.625,1.375
180,3,2,1,1,c4theher,22.0,Female,9.0,>100 000 rubles,7.0,3.0,6.0,6,6,0.75,1.75
181,3,2,1,1,gxzil8r6,21.0,Male,8.0,>100 000 rubles,8.0,3.0,10.0,6,4,0.75,1.0
182,3,2,1,1,vweul44w,20.0,Female,9.0,40 000 - 70 000 rubles,2.0,1.0,10.0,4,3,0.625,1.125
183,3,2,1,1,tssy3ee6,21.0,Female,6.0,20 000 - 40 000 rubles,8.0,3.0,8.0,3,7,0.75,2.125
184,3,2,1,1,9k4c7om1,20.0,Female,7.0,<10 000 rubles,6.0,3.0,4.0,1,5,0.5,1.25
185,3,1,3,1,w32okdcv,20.0,Male,7.0,20 000 - 40 000 rubles,3.0,1.0,10.0,3,5,0.625,1.625
186,3,3,1,1,xf3nj1in,21.0,Male,6.0,20 000 - 40 000 rubles,5.0,3.0,10.0,3,2,0.5,1.0
187,3,1,1,0,5y7x35fr,20.0,Female,8.0,10 000 - 20 000 rubles,6.0,5.0,5.0,2,5,0.375,1.375
188,3,3,1,1,xxwo1s8k,19.0,Female,9.0,40 000 - 70 000 rubles,3.0,2.0,8.0,4,7,0.5,1.125
189,3,3,1,1,pz2ntzyz,20.0,Female,6.0,20 000 - 40 000 rubles,5.0,4.0,6.0,3,4,0.75,1.0
190,3,2,1,1,lzu4f2al,20.0,Female,8.0,10 000 - 20 000 rubles,4.0,2.0,5.0,2,3,0.625,1.0
191,3,2,1,1,hqfyrx31,20.0,Female,9.0,70 000 - 100 000 rubles,5.0,3.0,3.0,5,2,0.875,1.0
192,3,1,1,1,ym95j2cc,20.0,Female,8.0,40 000 - 70 000 rubles,4.0,4.0,4.0,4,5,0.5,1.75
193,3,1,1,0,ynata8fr,21.0,Female,7.0,70 000 - 100 000 rubles,6.0,7.0,4.0,5,3,0.75,1.5
194,3,2,1,1,v2mnqbhc,21.0,Female,8.0,40 000 - 70 000 rubles,5.0,2.0,8.0,4,2,0.625,1.0
195,3,2,1,1,sqif5qxa,22.0,Male,7.0,40 000 - 70 000 rubles,2.0,4.0,5.0,4,3,0.625,1.0
196,3,2,1,0,k5kam98u,19.0,Female,8.0,20 000 - 40 000 rubles,4.0,5.0,6.0,3,2,0.75,1.875
197,3,1,3,1,7d15mdk2,19.0,Female,8.0,>100 000 rubles,8.0,2.0,9.0,6,5,0.875,2.375
198,3,1,2,1,4gzj35zj,21.0,Male,8.0,<10 000 rubles,7.0,2.0,7.0,1,5,0.5,1.75
199,3,3,2,0,x5dvpd1m,20.0,Female,8.0,40 000 - 70 000 rubles,7.0,6.0,3.0,4,8,0.625,2.25
200,3,1,1,0,9a9rdfim,21.0,Male,8.0,70 000 - 100 000 rubles,2.0,3.0,10.0,5,2,0.125,1.25
201,3,2,1,0,vlt4uukn,20.0,Male,7.0,40 000 - 70 000 rubles,8.0,8.0,2.0,4,6,0.875,1.0
202,3,2,1,1,0ow5w7je,20.0,Male,7.0,20 000 - 40 000 rubles,8.0,5.0,8.0,3,6,0.875,1.25
203,3,2,1,1,7skvogqj,20.0,Female,7.0,20 000 - 40 000 rubles,5.0,9.0,8.0,3,5,0.625,1.5
204,3,1,1,1,d8ht1iwm,20.0,Male,10.0,10 000 - 20 000 rubles,3.0,3.0,7.0,2,3,0.375,1.0
205,3,1,1,1,9y70ywn0,19.0,Male,9.0,>100 000 rubles,8.0,1.0,5.0,6,4,0.5,1.0
206,3,1,3,1,v5u2lpx3,20.0,Male,9.0,10 000 - 20 000 rubles,4.0,1.0,10.0,2,4,0.875,2.0
207,3,2,3,0,bbjpbwsz,20.0,Female,8.0,20 000 - 40 000 rubles,7.0,3.0,8.0,3,6,0.75,2.5
208,3,3,1,1,rnp0bj7s,20.0,Female,8.0,40 000 - 70 000 rubles,5.0,3.0,6.0,4,6,0.75,1.0
209,3,3,1,1,6abqubju,19.0,Female,8.0,40 000 - 70 000 rubles,4.0,3.0,8.0,4,3,0.5,1.75
210,3,2,3,1,rvgteb3g,19.0,Female,8.0,20 000 - 40 000 rubles,8.0,4.0,6.0,3,9,0.875,2.5
211,3,1,1,0,obe5mwhf,21.0,Female,8.0,20 000 - 40 000 rubles,2.0,3.0,8.0,3,4,0.5,1.75
212,3,3,1,1,f3lxg2w5,21.0,Male,9.0,70 000 - 100 000 rubles,7.0,6.0,5.0,5,6,0.75,1.375
213,3,2,2,1,hd2fmrvz,19.0,Male,7.0,10 000 - 20 000 rubles,6.0,4.0,9.0,2,2,0.625,1.625
214,3,1,1,0,5okx6ma4,21.0,Male,9.0,>100 000 rubles,3.0,5.0,5.0,6,6,0.0,1.0
215,3,1,1,0,nt0ty2kl,21.0,Male,8.0,70 000 - 100 000 rubles,10.0,2.0,10.0,5,6,0.625,1.0
216,3,2,1,0,l1rb2j0z,21.0,Female,8.0,10 000 - 20 000 rubles,7.0,3.0,9.0,2,4,0.375,1.625
217,3,1,3,1,1rdx94cq,21.0,Male,7.0,>100 000 rubles,10.0,5.0,5.0,6,1,0.75,2.375
218,3,1,1,1,fsie3o6a,21.0,Female,8.0,40 000 - 70 000 rubles,6.0,4.0,8.0,4,8,0.75,1.0
219,3,1,1,0,yk8we7oo,21.0,Female,9.0,>100 000 rubles,1.0,3.0,5.0,6,6,0.375,1.25
220,3,2,2,1,evck7avu,21.0,Female,5.0,>100 000 rubles,3.0,4.0,6.0,6,1,0.625,1.125
221,3,1,1,1,f1g8nodq,20.0,Male,8.0,40 000 - 70 000 rubles,6.0,2.0,7.0,4,7,0.75,1.875
222,3,3,1,1,jdqa11s2,21.0,Female,9.0,20 000 - 40 000 rubles,3.0,7.0,7.0,3,6,0.625,1.625
223,3,2,3,1,knyd53il,20.0,Male,8.0,20 000 - 40 000 rubles,6.0,2.0,8.0,3,6,0.625,1.875
224,3,3,3,0,ooi7nekh,21.0,Male,7.0,70 000 - 100 000 rubles,8.0,2.0,8.0,5,6,0.375,3.0
225,3,3,1,0,l7zu3ga1,21.0,Female,8.0,>100 000 rubles,9.0,6.0,9.0,6,4,0.625,1.125
226,3,2,2,0,tenkfair,21.0,Female,7.0,40 000 - 70 000 rubles,7.0,5.0,3.0,4,4,0.75,1.875
227,3,2,3,1,dw0p5aus,24.0,Female,8.0,70 000 - 100 000 rubles,6.0,4.0,9.0,5,4,0.5,2.625
228,3,3,1,0,nhrultn8,20.0,Female,7.0,40 000 - 70 000 rubles,7.0,8.0,2.0,4,6,0.5,1.75
229,3,1,1,1,knz9rl9y,20.0,Female,8.0,70 000 - 100 000 rubles,10.0,10.0,1.0,5,2,0.75,2.125
230,3,3,1,1,gisfg4h9,20.0,Female,9.0,70 000 - 100 000 rubles,8.0,4.0,8.0,5,6,0.625,1.0
231,3,2,1,1,5ud4qjhj,20.0,Male,5.0,20 000 - 40 000 rubles,7.0,6.0,8.0,3,6,0.75,1.625
232,3,1,1,1,exnfiplb,21.0,Female,8.0,20 000 - 40 000 rubles,7.0,8.0,7.0,3,4,0.5,1.0
233,3,1,3,1,4pwfi1p4,21.0,Female,8.0,70 000 - 100 000 rubles,3.0,9.0,2.0,5,4,0.625,2.0
234,3,1,1,1,l6bvwme4,21.0,Male,9.0,40 000 - 70 000 rubles,7.0,7.0,5.0,4,4,0.75,1.0
235,3,3,1,0,eqchj0w7,21.0,Male,9.0,<10 000 rubles,7.0,3.0,3.0,1,1,0.625,1.0
236,3,3,1,1,dg903mo3,21.0,Male,7.0,40 000 - 70 000 rubles,10.0,8.0,8.0,4,7,0.5,1.25
237,3,3,1,1,7iw5gvwz,21.0,Male,5.0,>100 000 rubles,5.0,10.0,3.0,6,6,0.5,1.0
238,3,2,3,1,w7tw5x8r,21.0,Female,8.0,20 000 - 40 000 rubles,9.0,3.0,2.0,3,6,0.75,1.875
239,3,1,1,0,6ixv8n1i,21.0,Female,9.0,20 000 - 40 000 rubles,8.0,2.0,5.0,3,8,0.5,1.25
240,3,3,3,1,0t505mu7,19.0,Male,5.0,10 000 - 20 000 rubles,9.0,5.0,8.0,2,7,0.5,2.625
241,3,2,1,1,b8icfsi6,21.0,Female,7.0,40 000 - 70 000 rubles,7.0,5.0,10.0,4,4,0.875,1.0
242,3,3,2,1,e0bpat9i,22.0,Female,7.0,40 000 - 70 000 rubles,7.0,2.0,7.0,4,8,0.875,2.375
243,3,2,3,1,3qcyrqp3,24.0,Male,8.0,>100 000 rubles,8.0,2.0,8.0,6,9,0.5,2.5
244,3,1,3,1,qt4qf9sm,20.0,Female,6.0,10 000 - 20 000 rubles,8.0,4.0,6.0,2,9,0.625,2.625
245,3,3,3,1,glednkge,22.0,Male,7.0,40 000 - 70 000 rubles,8.0,2.0,8.0,4,8,0.5,2.25
246,3,1,2,0,19rd7obr,19.0,Female,9.0,<10 000 rubles,8.0,1.0,9.0,1,8,0.375,2.25
247,3,1,3,1,38z8h7xh,18.0,Male,6.0,<10 000 rubles,8.0,6.0,6.0,1,7,0.75,2.875
248,3,1,2,1,yjssiiak,21.0,Male,10.0,20 000 - 40 000 rubles,8.0,2.0,8.0,3,9,0.625,2.25
249,3,1,3,1,dqqwewna,19.0,Female,7.0,70 000 - 100 000 rubles,7.0,3.0,8.0,5,7,0.625,2.625
250,3,1,3,0,hold064k,20.0,Male,6.0,>100 000 rubles,8.0,4.0,8.0,6,7,0.75,2.125
251,3,3,1,0,p0wf5ypc,20.0,Female,9.0,20 000 - 40 000 rubles,7.0,2.0,8.0,3,8,0.625,2.125
252,3,3,3,1,uoxpq3xb,22.0,Female,8.0,70 000 - 100 000 rubles,6.0,1.0,10.0,5,9,1.0,2.25
253,3,3,2,1,iii1294w,21.0,Male,7.0,20 000 - 40 000 rubles,7.0,4.0,8.0,3,9,0.75,2.5
254,3,1,1,1,0cyoyx66,22.0,Male,8.0,70 000 - 100 000 rubles,6.0,1.0,8.0,5,7,0.625,2.25
255,3,3,2,0,ax6r14op,23.0,Female,9.0,>100 000 rubles,8.0,3.0,9.0,6,7,0.625,2.0
256,3,1,3,0,3622n19e,22.0,Female,7.0,70 000 - 100 000 rubles,7.0,2.0,9.0,5,9,0.875,2.625
257,3,2,3,1,kf5m570s,22.0,Female,6.0,20 000 - 40 000 rubles,6.0,3.0,6.0,3,7,0.75,2.625
258,4,1,1,1,b0s88jol,21.0,Male,9.0,10 000 - 20 000 rubles,6.0,3.0,4.0,2,7,0.5,1.75
259,4,1,3,1,fgy4bsys,20.0,Male,6.0,40 000 - 70 000 rubles,3.0,3.0,4.0,4,6,0.5,1.5
260,4,1,1,1,au42r31p,21.0,Male,8.0,20 000 - 40 000 rubles,6.0,5.0,6.0,3,6,0.75,1.0
261,4,3,1,0,dj8u2oej,21.0,Female,8.0,<10 000 rubles,3.0,1.0,10.0,1,6,0.125,1.0
262,4,3,1,1,6yhpp3ae,21.0,Male,7.0,<10 000 rubles,4.0,3.0,7.0,1,4,0.75,1.0
263,4,3,1,1,ccna7j4r,21.0,Female,8.0,40 000 - 70 000 rubles,7.0,6.0,8.0,4,7,0.625,1.875
264,4,2,1,0,k5aiaq5z,19.0,Female,9.0,10 000 - 20 000 rubles,4.0,3.0,5.0,2,2,0.375,1.125
265,4,3,1,0,wwh5c4qx,20.0,Male,7.0,70 000 - 100 000 rubles,6.0,1.0,10.0,5,5,0.625,1.375
266,4,1,1,1,c4theher,22.0,Female,9.0,>100 000 rubles,7.0,3.0,6.0,6,6,0.75,1.75
267,4,1,1,1,gxzil8r6,21.0,Male,8.0,>100 000 rubles,8.0,3.0,10.0,6,4,0.75,1.0
268,4,2,1,1,vweul44w,20.0,Female,9.0,40 000 - 70 000 rubles,2.0,1.0,10.0,4,3,0.625,1.125
269,4,3,1,1,tssy3ee6,21.0,Female,6.0,20 000 - 40 000 rubles,8.0,3.0,8.0,3,7,0.75,2.125
270,4,1,2,0,9k4c7om1,20.0,Female,7.0,<10 000 rubles,6.0,3.0,4.0,1,5,0.5,1.25
271,4,2,1,1,w32okdcv,20.0,Male,7.0,20 000 - 40 000 rubles,3.0,1.0,10.0,3,5,0.625,1.625
272,4,1,1,0,xf3nj1in,21.0,Male,6.0,20 000 - 40 000 rubles,5.0,3.0,10.0,3,2,0.5,1.0
273,4,2,3,0,5y7x35fr,20.0,Female,8.0,10 000 - 20 000 rubles,6.0,5.0,5.0,2,5,0.375,1.375
274,4,3,1,1,xxwo1s8k,19.0,Female,9.0,40 000 - 70 000 rubles,3.0,2.0,8.0,4,7,0.5,1.125
275,4,1,1,1,pz2ntzyz,20.0,Female,6.0,20 000 - 40 000 rubles,5.0,4.0,6.0,3,4,0.75,1.0
276,4,3,1,1,lzu4f2al,20.0,Female,8.0,10 000 - 20 000 rubles,4.0,2.0,5.0,2,3,0.625,1.0
277,4,1,1,1,hqfyrx31,20.0,Female,9.0,70 000 - 100 000 rubles,5.0,3.0,3.0,5,2,0.875,1.0
278,4,3,3,1,ym95j2cc,20.0,Female,8.0,40 000 - 70 000 rubles,4.0,4.0,4.0,4,5,0.5,1.75
279,4,1,2,0,ynata8fr,21.0,Female,7.0,70 000 - 100 000 rubles,6.0,7.0,4.0,5,3,0.75,1.5
280,4,3,1,0,v2mnqbhc,21.0,Female,8.0,40 000 - 70 000 rubles,5.0,2.0,8.0,4,2,0.625,1.0
281,4,1,1,1,sqif5qxa,22.0,Male,7.0,40 000 - 70 000 rubles,2.0,4.0,5.0,4,3,0.625,1.0
282,4,1,3,1,k5kam98u,19.0,Female,8.0,20 000 - 40 000 rubles,4.0,5.0,6.0,3,2,0.75,1.875
283,4,2,3,1,7d15mdk2,19.0,Female,8.0,>100 000 rubles,8.0,2.0,9.0,6,5,0.875,2.375
284,4,1,3,0,4gzj35zj,21.0,Male,8.0,<10 000 rubles,7.0,2.0,7.0,1,5,0.5,1.75
285,4,2,2,1,x5dvpd1m,20.0,Female,8.0,40 000 - 70 000 rubles,7.0,6.0,3.0,4,8,0.625,2.25
286,4,3,1,0,9a9rdfim,21.0,Male,8.0,70 000 - 100 000 rubles,2.0,3.0,10.0,5,2,0.125,1.25
287,4,1,1,1,vlt4uukn,20.0,Male,7.0,40 000 - 70 000 rubles,8.0,8.0,2.0,4,6,0.875,1.0
288,4,3,1,1,0ow5w7je,20.0,Male,7.0,20 000 - 40 000 rubles,8.0,5.0,8.0,3,6,0.875,1.25
289,4,3,1,1,7skvogqj,20.0,Female,7.0,20 000 - 40 000 rubles,5.0,9.0,8.0,3,5,0.625,1.5
290,4,3,1,1,d8ht1iwm,20.0,Male,10.0,10 000 - 20 000 rubles,3.0,3.0,7.0,2,3,0.375,1.0
291,4,1,1,0,9y70ywn0,19.0,Male,9.0,>100 000 rubles,8.0,1.0,5.0,6,4,0.5,1.0
292,4,2,3,0,v5u2lpx3,20.0,Male,9.0,10 000 - 20 000 rubles,4.0,1.0,10.0,2,4,0.875,2.0
293,4,1,2,1,bbjpbwsz,20.0,Female,8.0,20 000 - 40 000 rubles,7.0,3.0,8.0,3,6,0.75,2.5
294,4,1,1,0,rnp0bj7s,20.0,Female,8.0,40 000 - 70 000 rubles,5.0,3.0,6.0,4,6,0.75,1.0
295,4,3,1,1,6abqubju,19.0,Female,8.0,40 000 - 70 000 rubles,4.0,3.0,8.0,4,3,0.5,1.75
296,4,2,2,1,rvgteb3g,19.0,Female,8.0,20 000 - 40 000 rubles,8.0,4.0,6.0,3,9,0.875,2.5
297,4,1,1,1,obe5mwhf,21.0,Female,8.0,20 000 - 40 000 rubles,2.0,3.0,8.0,3,4,0.5,1.75
298,4,2,1,0,f3lxg2w5,21.0,Male,9.0,70 000 - 100 000 rubles,7.0,6.0,5.0,5,6,0.75,1.375
299,4,3,1,1,hd2fmrvz,19.0,Male,7.0,10 000 - 20 000 rubles,6.0,4.0,9.0,2,2,0.625,1.625
300,4,3,1,0,5okx6ma4,21.0,Male,9.0,>100 000 rubles,3.0,5.0,5.0,6,6,0.0,1.0
301,4,2,1,0,nt0ty2kl,21.0,Male,8.0,70 000 - 100 000 rubles,10.0,2.0,10.0,5,6,0.625,1.0
302,4,2,1,1,l1rb2j0z,21.0,Female,8.0,10 000 - 20 000 rubles,7.0,3.0,9.0,2,4,0.375,1.625
303,4,1,3,0,1rdx94cq,21.0,Male,7.0,>100 000 rubles,10.0,5.0,5.0,6,1,0.75,2.375
304,4,1,1,0,fsie3o6a,21.0,Female,8.0,40 000 - 70 000 rubles,6.0,4.0,8.0,4,8,0.75,1.0
305,4,1,1,0,yk8we7oo,21.0,Female,9.0,>100 000 rubles,1.0,3.0,5.0,6,6,0.375,1.25
306,4,2,1,0,evck7avu,21.0,Female,5.0,>100 000 rubles,3.0,4.0,6.0,6,1,0.625,1.125
307,4,2,1,1,f1g8nodq,20.0,Male,8.0,40 000 - 70 000 rubles,6.0,2.0,7.0,4,7,0.75,1.875
308,4,2,1,1,jdqa11s2,21.0,Female,9.0,20 000 - 40 000 rubles,3.0,7.0,7.0,3,6,0.625,1.625
309,4,3,1,1,knyd53il,20.0,Male,8.0,20 000 - 40 000 rubles,6.0,2.0,8.0,3,6,0.625,1.875
310,4,1,3,1,ooi7nekh,21.0,Male,7.0,70 000 - 100 000 rubles,8.0,2.0,8.0,5,6,0.375,3.0
311,4,3,2,1,l7zu3ga1,21.0,Female,8.0,>100 000 rubles,9.0,6.0,9.0,6,4,0.625,1.125
312,4,3,1,1,tenkfair,21.0,Female,7.0,40 000 - 70 000 rubles,7.0,5.0,3.0,4,4,0.75,1.875
313,4,1,3,0,dw0p5aus,24.0,Female,8.0,70 000 - 100 000 rubles,6.0,4.0,9.0,5,4,0.5,2.625
314,4,2,1,0,nhrultn8,20.0,Female,7.0,40 000 - 70 000 rubles,7.0,8.0,2.0,4,6,0.5,1.75
315,4,3,3,0,knz9rl9y,20.0,Female,8.0,70 000 - 100 000 rubles,10.0,10.0,1.0,5,2,0.75,2.125
316,4,3,1,0,gisfg4h9,20.0,Female,9.0,70 000 - 100 000 rubles,8.0,4.0,8.0,5,6,0.625,1.0
317,4,1,3,0,5ud4qjhj,20.0,Male,5.0,20 000 - 40 000 rubles,7.0,6.0,8.0,3,6,0.75,1.625
318,4,1,1,0,exnfiplb,21.0,Female,8.0,20 000 - 40 000 rubles,7.0,8.0,7.0,3,4,0.5,1.0
319,4,2,3,0,4pwfi1p4,21.0,Female,8.0,70 000 - 100 000 rubles,3.0,9.0,2.0,5,4,0.625,2.0
320,4,2,1,1,l6bvwme4,21.0,Male,9.0,40 000 - 70 000 rubles,7.0,7.0,5.0,4,4,0.75,1.0
321,4,2,1,1,eqchj0w7,21.0,Male,9.0,<10 000 rubles,7.0,3.0,3.0,1,1,0.625,1.0
322,4,1,1,0,dg903mo3,21.0,Male,7.0,40 000 - 70 000 rubles,10.0,8.0,8.0,4,7,0.5,1.25
323,4,2,1,0,7iw5gvwz,21.0,Male,5.0,>100 000 rubles,5.0,10.0,3.0,6,6,0.5,1.0
324,4,3,1,1,w7tw5x8r,21.0,Female,8.0,20 000 - 40 000 rubles,9.0,3.0,2.0,3,6,0.75,1.875
325,4,3,1,1,6ixv8n1i,21.0,Female,9.0,20 000 - 40 000 rubles,8.0,2.0,5.0,3,8,0.5,1.25
326,4,1,2,0,0t505mu7,19.0,Male,5.0,10 000 - 20 000 rubles,9.0,5.0,8.0,2,7,0.5,2.625
327,4,3,1,1,b8icfsi6,21.0,Female,7.0,40 000 - 70 000 rubles,7.0,5.0,10.0,4,4,0.875,1.0
328,4,1,2,1,e0bpat9i,22.0,Female,7.0,40 000 - 70 000 rubles,7.0,2.0,7.0,4,8,0.875,2.375
329,4,3,3,0,3qcyrqp3,24.0,Male,8.0,>100 000 rubles,8.0,2.0,8.0,6,9,0.5,2.5
330,4,1,2,0,qt4qf9sm,20.0,Female,6.0,10 000 - 20 000 rubles,8.0,4.0,6.0,2,9,0.625,2.625
331,4,2,2,1,glednkge,22.0,Male,7.0,40 000 - 70 000 rubles,8.0,2.0,8.0,4,8,0.5,2.25
332,4,3,1,0,19rd7obr,19.0,Female,9.0,<10 000 rubles,8.0,1.0,9.0,1,8,0.375,2.25
333,4,3,3,1,38z8h7xh,18.0,Male,6.0,<10 000 rubles,8.0,6.0,6.0,1,7,0.75,2.875
334,4,2,3,1,yjssiiak,21.0,Male,10.0,20 000 - 40 000 rubles,8.0,2.0,8.0,3,9,0.625,2.25
335,4,2,3,0,dqqwewna,19.0,Female,7.0,70 000 - 100 000 rubles,7.0,3.0,8.0,5,7,0.625,2.625
336,4,1,2,1,hold064k,20.0,Male,6.0,>100 000 rubles,8.0,4.0,8.0,6,7,0.75,2.125
337,4,1,3,1,p0wf5ypc,20.0,Female,9.0,20 000 - 40 000 rubles,7.0,2.0,8.0,3,8,0.625,2.125
338,4,2,1,1,uoxpq3xb,22.0,Female,8.0,70 000 - 100 000 rubles,6.0,1.0,10.0,5,9,1.0,2.25
339,4,3,2,0,iii1294w,21.0,Male,7.0,20 000 - 40 000 rubles,7.0,4.0,8.0,3,9,0.75,2.5
340,4,2,3,0,0cyoyx66,22.0,Male,8.0,70 000 - 100 000 rubles,6.0,1.0,8.0,5,7,0.625,2.25
341,4,1,3,1,ax6r14op,23.0,Female,9.0,>100 000 rubles,8.0,3.0,9.0,6,7,0.625,2.0
342,4,2,3,1,3622n19e,22.0,Female,7.0,70 000 - 100 000 rubles,7.0,2.0,9.0,5,9,0.875,2.625
343,4,2,3,1,kf5m570s,22.0,Female,6.0,20 000 - 40 000 rubles,6.0,3.0,6.0,3,7,0.75,2.625
344,5,2,1,1,b0s88jol,21.0,Male,9.0,10 000 - 20 000 rubles,6.0,3.0,4.0,2,7,0.5,1.75
345,5,1,3,1,fgy4bsys,20.0,Male,6.0,40 000 - 70 000 rubles,3.0,3.0,4.0,4,6,0.5,1.5
346,5,2,1,1,au42r31p,21.0,Male,8.0,20 000 - 40 000 rubles,6.0,5.0,6.0,3,6,0.75,1.0
347,5,3,1,1,dj8u2oej,21.0,Female,8.0,<10 000 rubles,3.0,1.0,10.0,1,6,0.125,1.0
348,5,3,1,1,6yhpp3ae,21.0,Male,7.0,<10 000 rubles,4.0,3.0,7.0,1,4,0.75,1.0
349,5,3,2,1,ccna7j4r,21.0,Female,8.0,40 000 - 70 000 rubles,7.0,6.0,8.0,4,7,0.625,1.875
350,5,1,1,0,k5aiaq5z,19.0,Female,9.0,10 000 - 20 000 rubles,4.0,3.0,5.0,2,2,0.375,1.125
351,5,3,3,0,wwh5c4qx,20.0,Male,7.0,70 000 - 100 000 rubles,6.0,1.0,10.0,5,5,0.625,1.375
352,5,1,1,1,c4theher,22.0,Female,9.0,>100 000 rubles,7.0,3.0,6.0,6,6,0.75,1.75
353,5,3,1,1,gxzil8r6,21.0,Male,8.0,>100 000 rubles,8.0,3.0,10.0,6,4,0.75,1.0
354,5,1,1,0,vweul44w,20.0,Female,9.0,40 000 - 70 000 rubles,2.0,1.0,10.0,4,3,0.625,1.125
355,5,2,2,1,tssy3ee6,21.0,Female,6.0,20 000 - 40 000 rubles,8.0,3.0,8.0,3,7,0.75,2.125
356,5,1,1,1,9k4c7om1,20.0,Female,7.0,<10 000 rubles,6.0,3.0,4.0,1,5,0.5,1.25
357,5,1,2,0,w32okdcv,20.0,Male,7.0,20 000 - 40 000 rubles,3.0,1.0,10.0,3,5,0.625,1.625
358,5,2,1,0,xf3nj1in,21.0,Male,6.0,20 000 - 40 000 rubles,5.0,3.0,10.0,3,2,0.5,1.0
359,5,1,1,0,5y7x35fr,20.0,Female,8.0,10 000 - 20 000 rubles,6.0,5.0,5.0,2,5,0.375,1.375
360,5,1,1,1,xxwo1s8k,19.0,Female,9.0,40 000 - 70 000 rubles,3.0,2.0,8.0,4,7,0.5,1.125
361,5,3,1,0,pz2ntzyz,20.0,Female,6.0,20 000 - 40 000 rubles,5.0,4.0,6.0,3,4,0.75,1.0
362,5,2,1,1,lzu4f2al,20.0,Female,8.0,10 000 - 20 000 rubles,4.0,2.0,5.0,2,3,0.625,1.0
363,5,1,1,1,hqfyrx31,20.0,Female,9.0,70 000 - 100 000 rubles,5.0,3.0,3.0,5,2,0.875,1.0
364,5,1,1,0,ym95j2cc,20.0,Female,8.0,40 000 - 70 000 rubles,4.0,4.0,4.0,4,5,0.5,1.75
365,5,2,3,1,ynata8fr,21.0,Female,7.0,70 000 - 100 000 rubles,6.0,7.0,4.0,5,3,0.75,1.5
366,5,3,1,1,v2mnqbhc,21.0,Female,8.0,40 000 - 70 000 rubles,5.0,2.0,8.0,4,2,0.625,1.0
367,5,1,1,0,sqif5qxa,22.0,Male,7.0,40 000 - 70 000 rubles,2.0,4.0,5.0,4,3,0.625,1.0
368,5,2,2,0,k5kam98u,19.0,Female,8.0,20 000 - 40 000 rubles,4.0,5.0,6.0,3,2,0.75,1.875
369,5,2,3,0,7d15mdk2,19.0,Female,8.0,>100 000 rubles,8.0,2.0,9.0,6,5,0.875,2.375
370,5,2,1,0,4gzj35zj,21.0,Male,8.0,<10 000 rubles,7.0,2.0,7.0,1,5,0.5,1.75
371,5,2,2,1,x5dvpd1m,20.0,Female,8.0,40 000 - 70 000 rubles,7.0,6.0,3.0,4,8,0.625,2.25
372,5,3,1,0,9a9rdfim,21.0,Male,8.0,70 000 - 100 000 rubles,2.0,3.0,10.0,5,2,0.125,1.25
373,5,1,1,1,vlt4uukn,20.0,Male,7.0,40 000 - 70 000 rubles,8.0,8.0,2.0,4,6,0.875,1.0
374,5,2,1,1,0ow5w7je,20.0,Male,7.0,20 000 - 40 000 rubles,8.0,5.0,8.0,3,6,0.875,1.25
375,5,1,2,1,7skvogqj,20.0,Female,7.0,20 000 - 40 000 rubles,5.0,9.0,8.0,3,5,0.625,1.5
376,5,1,1,0,d8ht1iwm,20.0,Male,10.0,10 000 - 20 000 rubles,3.0,3.0,7.0,2,3,0.375,1.0
377,5,3,1,1,9y70ywn0,19.0,Male,9.0,>100 000 rubles,8.0,1.0,5.0,6,4,0.5,1.0
378,5,1,1,1,v5u2lpx3,20.0,Male,9.0,10 000 - 20 000 rubles,4.0,1.0,10.0,2,4,0.875,2.0
379,5,3,3,1,bbjpbwsz,20.0,Female,8.0,20 000 - 40 000 rubles,7.0,3.0,8.0,3,6,0.75,2.5
380,5,1,1,1,rnp0bj7s,20.0,Female,8.0,40 000 - 70 000 rubles,5.0,3.0,6.0,4,6,0.75,1.0
381,5,2,2,1,6abqubju,19.0,Female,8.0,40 000 - 70 000 rubles,4.0,3.0,8.0,4,3,0.5,1.75
382,5,3,2,1,rvgteb3g,19.0,Female,8.0,20 000 - 40 000 rubles,8.0,4.0,6.0,3,9,0.875,2.5
383,5,1,3,0,obe5mwhf,21.0,Female,8.0,20 000 - 40 000 rubles,2.0,3.0,8.0,3,4,0.5,1.75
384,5,3,1,1,f3lxg2w5,21.0,Male,9.0,70 000 - 100 000 rubles,7.0,6.0,5.0,5,6,0.75,1.375
385,5,3,1,1,hd2fmrvz,19.0,Male,7.0,10 000 - 20 000 rubles,6.0,4.0,9.0,2,2,0.625,1.625
386,5,2,1,0,5okx6ma4,21.0,Male,9.0,>100 000 rubles,3.0,5.0,5.0,6,6,0.0,1.0
387,5,3,1,1,nt0ty2kl,21.0,Male,8.0,70 000 - 100 000 rubles,10.0,2.0,10.0,5,6,0.625,1.0
388,5,1,1,0,l1rb2j0z,21.0,Female,8.0,10 000 - 20 000 rubles,7.0,3.0,9.0,2,4,0.375,1.625
389,5,1,1,1,1rdx94cq,21.0,Male,7.0,>100 000 rubles,10.0,5.0,5.0,6,1,0.75,2.375
390,5,3,1,0,fsie3o6a,21.0,Female,8.0,40 000 - 70 000 rubles,6.0,4.0,8.0,4,8,0.75,1.0
391,5,1,1,0,yk8we7oo,21.0,Female,9.0,>100 000 rubles,1.0,3.0,5.0,6,6,0.375,1.25
392,5,1,1,1,evck7avu,21.0,Female,5.0,>100 000 rubles,3.0,4.0,6.0,6,1,0.625,1.125
393,5,2,2,0,f1g8nodq,20.0,Male,8.0,40 000 - 70 000 rubles,6.0,2.0,7.0,4,7,0.75,1.875
394,5,1,3,1,jdqa11s2,21.0,Female,9.0,20 000 - 40 000 rubles,3.0,7.0,7.0,3,6,0.625,1.625
395,5,1,1,1,knyd53il,20.0,Male,8.0,20 000 - 40 000 rubles,6.0,2.0,8.0,3,6,0.625,1.875
396,5,3,3,0,ooi7nekh,21.0,Male,7.0,70 000 - 100 000 rubles,8.0,2.0,8.0,5,6,0.375,3.0
397,5,3,1,1,l7zu3ga1,21.0,Female,8.0,>100 000 rubles,9.0,6.0,9.0,6,4,0.625,1.125
398,5,1,2,1,tenkfair,21.0,Female,7.0,40 000 - 70 000 rubles,7.0,5.0,3.0,4,4,0.75,1.875
399,5,2,2,0,dw0p5aus,24.0,Female,8.0,70 000 - 100 000 rubles,6.0,4.0,9.0,5,4,0.5,2.625
400,5,2,2,1,nhrultn8,20.0,Female,7.0,40 000 - 70 000 rubles,7.0,8.0,2.0,4,6,0.5,1.75
401,5,3,3,1,knz9rl9y,20.0,Female,8.0,70 000 - 100 000 rubles,10.0,10.0,1.0,5,2,0.75,2.125
402,5,1,1,0,gisfg4h9,20.0,Female,9.0,70 000 - 100 000 rubles,8.0,4.0,8.0,5,6,0.625,1.0
403,5,2,2,1,5ud4qjhj,20.0,Male,5.0,20 000 - 40 000 rubles,7.0,6.0,8.0,3,6,0.75,1.625
404,5,1,1,0,exnfiplb,21.0,Female,8.0,20 000 - 40 000 rubles,7.0,8.0,7.0,3,4,0.5,1.0
405,5,1,3,1,4pwfi1p4,21.0,Female,8.0,70 000 - 100 000 rubles,3.0,9.0,2.0,5,4,0.625,2.0
406,5,2,1,1,l6bvwme4,21.0,Male,9.0,40 000 - 70 000 rubles,7.0,7.0,5.0,4,4,0.75,1.0
407,5,3,1,0,eqchj0w7,21.0,Male,9.0,<10 000 rubles,7.0,3.0,3.0,1,1,0.625,1.0
408,5,1,2,0,dg903mo3,21.0,Male,7.0,40 000 - 70 000 rubles,10.0,8.0,8.0,4,7,0.5,1.25
409,5,1,1,0,7iw5gvwz,21.0,Male,5.0,>100 000 rubles,5.0,10.0,3.0,6,6,0.5,1.0
410,5,1,3,1,w7tw5x8r,21.0,Female,8.0,20 000 - 40 000 rubles,9.0,3.0,2.0,3,6,0.75,1.875
411,5,3,1,1,6ixv8n1i,21.0,Female,9.0,20 000 - 40 000 rubles,8.0,2.0,5.0,3,8,0.5,1.25
412,5,2,3,0,0t505mu7,19.0,Male,5.0,10 000 - 20 000 rubles,9.0,5.0,8.0,2,7,0.5,2.625
413,5,1,1,0,b8icfsi6,21.0,Female,7.0,40 000 - 70 000 rubles,7.0,5.0,10.0,4,4,0.875,1.0
414,5,2,3,1,e0bpat9i,22.0,Female,7.0,40 000 - 70 000 rubles,7.0,2.0,7.0,4,8,0.875,2.375
415,5,1,3,1,3qcyrqp3,24.0,Male,8.0,>100 000 rubles,8.0,2.0,8.0,6,9,0.5,2.5
416,5,2,3,1,qt4qf9sm,20.0,Female,6.0,10 000 - 20 000 rubles,8.0,4.0,6.0,2,9,0.625,2.625
417,5,1,2,0,glednkge,22.0,Male,7.0,40 000 - 70 000 rubles,8.0,2.0,8.0,4,8,0.5,2.25
418,5,2,3,1,19rd7obr,19.0,Female,9.0,<10 000 rubles,8.0,1.0,9.0,1,8,0.375,2.25
419,5,3,3,1,38z8h7xh,18.0,Male,6.0,<10 000 rubles,8.0,6.0,6.0,1,7,0.75,2.875
420,5,1,2,0,yjssiiak,21.0,Male,10.0,20 000 - 40 000 rubles,8.0,2.0,8.0,3,9,0.625,2.25
421,5,3,3,1,dqqwewna,19.0,Female,7.0,70 000 - 100 000 rubles,7.0,3.0,8.0,5,7,0.625,2.625
422,5,1,2,1,hold064k,20.0,Male,6.0,>100 000 rubles,8.0,4.0,8.0,6,7,0.75,2.125
423,5,3,3,1,p0wf5ypc,20.0,Female,9.0,20 000 - 40 000 rubles,7.0,2.0,8.0,3,8,0.625,2.125
424,5,2,2,1,uoxpq3xb,22.0,Female,8.0,70 000 - 100 000 rubles,6.0,1.0,10.0,5,9,1.0,2.25
425,5,1,3,0,iii1294w,21.0,Male,7.0,20 000 - 40 000 rubles,7.0,4.0,8.0,3,9,0.75,2.5
426,5,3,1,1,0cyoyx66,22.0,Male,8.0,70 000 - 100 000 rubles,6.0,1.0,8.0,5,7,0.625,2.25
427,5,3,1,1,ax6r14op,23.0,Female,9.0,>100 000 rubles,8.0,3.0,9.0,6,7,0.625,2.0
428,5,3,2,1,3622n19e,22.0,Female,7.0,70 000 - 100 000 rubles,7.0,2.0,9.0,5,9,0.875,2.625
429,5,2,2,0,kf5m570s,22.0,Female,6.0,20 000 - 40 000 rubles,6.0,3.0,6.0,3,7,0.75,2.625
430,6,2,3,0,b0s88jol,21.0,Male,9.0,10 000 - 20 000 rubles,6.0,3.0,4.0,2,7,0.5,1.75
431,6,2,1,1,fgy4bsys,20.0,Male,6.0,40 000 - 70 000 rubles,3.0,3.0,4.0,4,6,0.5,1.5
432,6,3,1,1,au42r31p,21.0,Male,8.0,20 000 - 40 000 rubles,6.0,5.0,6.0,3,6,0.75,1.0
433,6,1,1,0,dj8u2oej,21.0,Female,8.0,<10 000 rubles,3.0,1.0,10.0,1,6,0.125,1.0
434,6,2,1,0,6yhpp3ae,21.0,Male,7.0,<10 000 rubles,4.0,3.0,7.0,1,4,0.75,1.0
435,6,3,1,0,ccna7j4r,21.0,Female,8.0,40 000 - 70 000 rubles,7.0,6.0,8.0,4,7,0.625,1.875
436,6,1,1,0,k5aiaq5z,19.0,Female,9.0,10 000 - 20 000 rubles,4.0,3.0,5.0,2,2,0.375,1.125
437,6,1,1,1,wwh5c4qx,20.0,Male,7.0,70 000 - 100 000 rubles,6.0,1.0,10.0,5,5,0.625,1.375
438,6,3,3,1,c4theher,22.0,Female,9.0,>100 000 rubles,7.0,3.0,6.0,6,6,0.75,1.75
439,6,3,1,0,gxzil8r6,21.0,Male,8.0,>100 000 rubles,8.0,3.0,10.0,6,4,0.75,1.0
440,6,2,1,0,vweul44w,20.0,Female,9.0,40 000 - 70 000 rubles,2.0,1.0,10.0,4,3,0.625,1.125
441,6,2,3,1,tssy3ee6,21.0,Female,6.0,20 000 - 40 000 rubles,8.0,3.0,8.0,3,7,0.75,2.125
442,6,3,1,0,9k4c7om1,20.0,Female,7.0,<10 000 rubles,6.0,3.0,4.0,1,5,0.5,1.25
443,6,3,1,1,w32okdcv,20.0,Male,7.0,20 000 - 40 000 rubles,3.0,1.0,10.0,3,5,0.625,1.625
444,6,1,1,1,xf3nj1in,21.0,Male,6.0,20 000 - 40 000 rubles,5.0,3.0,10.0,3,2,0.5,1.0
445,6,1,2,1,5y7x35fr,20.0,Female,8.0,10 000 - 20 000 rubles,6.0,5.0,5.0,2,5,0.375,1.375
446,6,3,1,1,xxwo1s8k,19.0,Female,9.0,40 000 - 70 000 rubles,3.0,2.0,8.0,4,7,0.5,1.125
447,6,3,1,0,pz2ntzyz,20.0,Female,6.0,20 000 - 40 000 rubles,5.0,4.0,6.0,3,4,0.75,1.0
448,6,3,1,0,lzu4f2al,20.0,Female,8.0,10 000 - 20 000 rubles,4.0,2.0,5.0,2,3,0.625,1.0
449,6,2,1,1,hqfyrx31,20.0,Female,9.0,70 000 - 100 000 rubles,5.0,3.0,3.0,5,2,0.875,1.0
450,6,3,3,0,ym95j2cc,20.0,Female,8.0,40 000 - 70 000 rubles,4.0,4.0,4.0,4,5,0.5,1.75
451,6,3,1,1,ynata8fr,21.0,Female,7.0,70 000 - 100 000 rubles,6.0,7.0,4.0,5,3,0.75,1.5
452,6,3,1,1,v2mnqbhc,21.0,Female,8.0,40 000 - 70 000 rubles,5.0,2.0,8.0,4,2,0.625,1.0
453,6,2,1,0,sqif5qxa,22.0,Male,7.0,40 000 - 70 000 rubles,2.0,4.0,5.0,4,3,0.625,1.0
454,6,2,3,1,k5kam98u,19.0,Female,8.0,20 000 - 40 000 rubles,4.0,5.0,6.0,3,2,0.75,1.875
455,6,3,3,1,7d15mdk2,19.0,Female,8.0,>100 000 rubles,8.0,2.0,9.0,6,5,0.875,2.375
456,6,1,3,1,4gzj35zj,21.0,Male,8.0,<10 000 rubles,7.0,2.0,7.0,1,5,0.5,1.75
457,6,1,2,1,x5dvpd1m,20.0,Female,8.0,40 000 - 70 000 rubles,7.0,6.0,3.0,4,8,0.625,2.25
458,6,3,1,0,9a9rdfim,21.0,Male,8.0,70 000 - 100 000 rubles,2.0,3.0,10.0,5,2,0.125,1.25
459,6,1,1,1,vlt4uukn,20.0,Male,7.0,40 000 - 70 000 rubles,8.0,8.0,2.0,4,6,0.875,1.0
460,6,3,1,1,0ow5w7je,20.0,Male,7.0,20 000 - 40 000 rubles,8.0,5.0,8.0,3,6,0.875,1.25
461,6,3,1,1,7skvogqj,20.0,Female,7.0,20 000 - 40 000 rubles,5.0,9.0,8.0,3,5,0.625,1.5
462,6,2,1,0,d8ht1iwm,20.0,Male,10.0,10 000 - 20 000 rubles,3.0,3.0,7.0,2,3,0.375,1.0
463,6,3,1,0,9y70ywn0,19.0,Male,9.0,>100 000 rubles,8.0,1.0,5.0,6,4,0.5,1.0
464,6,2,2,1,v5u2lpx3,20.0,Male,9.0,10 000 - 20 000 rubles,4.0,1.0,10.0,2,4,0.875,2.0
465,6,3,3,1,bbjpbwsz,20.0,Female,8.0,20 000 - 40 000 rubles,7.0,3.0,8.0,3,6,0.75,2.5
466,6,3,1,0,rnp0bj7s,20.0,Female,8.0,40 000 - 70 000 rubles,5.0,3.0,6.0,4,6,0.75,1.0
467,6,1,3,0,6abqubju,19.0,Female,8.0,40 000 - 70 000 rubles,4.0,3.0,8.0,4,3,0.5,1.75
468,6,3,3,1,rvgteb3g,19.0,Female,8.0,20 000 - 40 000 rubles,8.0,4.0,6.0,3,9,0.875,2.5
469,6,2,1,1,obe5mwhf,21.0,Female,8.0,20 000 - 40 000 rubles,2.0,3.0,8.0,3,4,0.5,1.75
470,6,1,1,1,f3lxg2w5,21.0,Male,9.0,70 000 - 100 000 rubles,7.0,6.0,5.0,5,6,0.75,1.375
471,6,2,3,0,hd2fmrvz,19.0,Male,7.0,10 000 - 20 000 rubles,6.0,4.0,9.0,2,2,0.625,1.625
472,6,2,1,0,5okx6ma4,21.0,Male,9.0,>100 000 rubles,3.0,5.0,5.0,6,6,0.0,1.0
473,6,3,1,0,nt0ty2kl,21.0,Male,8.0,70 000 - 100 000 rubles,10.0,2.0,10.0,5,6,0.625,1.0
474,6,2,3,1,l1rb2j0z,21.0,Female,8.0,10 000 - 20 000 rubles,7.0,3.0,9.0,2,4,0.375,1.625
475,6,2,2,1,1rdx94cq,21.0,Male,7.0,>100 000 rubles,10.0,5.0,5.0,6,1,0.75,2.375
476,6,1,1,1,fsie3o6a,21.0,Female,8.0,40 000 - 70 000 rubles,6.0,4.0,8.0,4,8,0.75,1.0
477,6,2,1,1,yk8we7oo,21.0,Female,9.0,>100 000 rubles,1.0,3.0,5.0,6,6,0.375,1.25
478,6,3,1,0,evck7avu,21.0,Female,5.0,>100 000 rubles,3.0,4.0,6.0,6,1,0.625,1.125
479,6,2,3,1,f1g8nodq,20.0,Male,8.0,40 000 - 70 000 rubles,6.0,2.0,7.0,4,7,0.75,1.875
480,6,3,2,1,jdqa11s2,21.0,Female,9.0,20 000 - 40 000 rubles,3.0,7.0,7.0,3,6,0.625,1.625
481,6,2,3,0,knyd53il,20.0,Male,8.0,20 000 - 40 000 rubles,6.0,2.0,8.0,3,6,0.625,1.875
482,6,1,3,0,ooi7nekh,21.0,Male,7.0,70 000 - 100 000 rubles,8.0,2.0,8.0,5,6,0.375,3.0
483,6,3,1,1,l7zu3ga1,21.0,Female,8.0,>100 000 rubles,9.0,6.0,9.0,6,4,0.625,1.125
484,6,2,2,1,tenkfair,21.0,Female,7.0,40 000 - 70 000 rubles,7.0,5.0,3.0,4,4,0.75,1.875
485,6,1,3,0,dw0p5aus,24.0,Female,8.0,70 000 - 100 000 rubles,6.0,4.0,9.0,5,4,0.5,2.625
486,6,3,2,0,nhrultn8,20.0,Female,7.0,40 000 - 70 000 rubles,7.0,8.0,2.0,4,6,0.5,1.75
487,6,2,3,1,knz9rl9y,20.0,Female,8.0,70 000 - 100 000 rubles,10.0,10.0,1.0,5,2,0.75,2.125
488,6,1,1,0,gisfg4h9,20.0,Female,9.0,70 000 - 100 000 rubles,8.0,4.0,8.0,5,6,0.625,1.0
489,6,2,1,1,5ud4qjhj,20.0,Male,5.0,20 000 - 40 000 rubles,7.0,6.0,8.0,3,6,0.75,1.625
490,6,1,1,1,exnfiplb,21.0,Female,8.0,20 000 - 40 000 rubles,7.0,8.0,7.0,3,4,0.5,1.0
491,6,1,1,1,4pwfi1p4,21.0,Female,8.0,70 000 - 100 000 rubles,3.0,9.0,2.0,5,4,0.625,2.0
492,6,3,1,1,l6bvwme4,21.0,Male,9.0,40 000 - 70 000 rubles,7.0,7.0,5.0,4,4,0.75,1.0
493,6,2,1,1,eqchj0w7,21.0,Male,9.0,<10 000 rubles,7.0,3.0,3.0,1,1,0.625,1.0
494,6,3,1,1,dg903mo3,21.0,Male,7.0,40 000 - 70 000 rubles,10.0,8.0,8.0,4,7,0.5,1.25
495,6,2,1,1,7iw5gvwz,21.0,Male,5.0,>100 000 rubles,5.0,10.0,3.0,6,6,0.5,1.0
496,6,2,3,1,w7tw5x8r,21.0,Female,8.0,20 000 - 40 000 rubles,9.0,3.0,2.0,3,6,0.75,1.875
497,6,2,1,1,6ixv8n1i,21.0,Female,9.0,20 000 - 40 000 rubles,8.0,2.0,5.0,3,8,0.5,1.25
498,6,2,2,1,0t505mu7,19.0,Male,5.0,10 000 - 20 000 rubles,9.0,5.0,8.0,2,7,0.5,2.625
499,6,1,1,1,b8icfsi6,21.0,Female,7.0,40 000 - 70 000 rubles,7.0,5.0,10.0,4,4,0.875,1.0
500,6,3,3,1,e0bpat9i,22.0,Female,7.0,40 000 - 70 000 rubles,7.0,2.0,7.0,4,8,0.875,2.375
501,6,2,3,0,3qcyrqp3,24.0,Male,8.0,>100 000 rubles,8.0,2.0,8.0,6,9,0.5,2.5
502,6,3,3,1,qt4qf9sm,20.0,Female,6.0,10 000 - 20 000 rubles,8.0,4.0,6.0,2,9,0.625,2.625
503,6,3,1,1,glednkge,22.0,Male,7.0,40 000 - 70 000 rubles,8.0,2.0,8.0,4,8,0.5,2.25
504,6,3,2,1,19rd7obr,19.0,Female,9.0,<10 000 rubles,8.0,1.0,9.0,1,8,0.375,2.25
505,6,2,2,0,38z8h7xh,18.0,Male,6.0,<10 000 rubles,8.0,6.0,6.0,1,7,0.75,2.875
506,6,1,3,1,yjssiiak,21.0,Male,10.0,20 000 - 40 000 rubles,8.0,2.0,8.0,3,9,0.625,2.25
507,6,1,3,1,dqqwewna,19.0,Female,7.0,70 000 - 100 000 rubles,7.0,3.0,8.0,5,7,0.625,2.625
508,6,1,2,1,hold064k,20.0,Male,6.0,>100 000 rubles,8.0,4.0,8.0,6,7,0.75,2.125
509,6,2,3,1,p0wf5ypc,20.0,Female,9.0,20 000 - 40 000 rubles,7.0,2.0,8.0,3,8,0.625,2.125
510,6,3,1,1,uoxpq3xb,22.0,Female,8.0,70 000 - 100 000 rubles,6.0,1.0,10.0,5,9,1.0,2.25
511,6,2,2,1,iii1294w,21.0,Male,7.0,20 000 - 40 000 rubles,7.0,4.0,8.0,3,9,0.75,2.5
512,6,2,3,0,0cyoyx66,22.0,Male,8.0,70 000 - 100 000 rubles,6.0,1.0,8.0,5,7,0.625,2.25
513,6,3,1,0,ax6r14op,23.0,Female,9.0,>100 000 rubles,8.0,3.0,9.0,6,7,0.625,2.0
514,6,3,3,1,3622n19e,22.0,Female,7.0,70 000 - 100 000 rubles,7.0,2.0,9.0,5,9,0.875,2.625
515,6,3,3,1,kf5m570s,22.0,Female,6.0,20 000 - 40 000 rubles,6.0,3.0,6.0,3,7,0.75,2.625
516,7,2,3,0,b0s88jol,21.0,Male,9.0,10 000 - 20 000 rubles,6.0,3.0,4.0,2,7,0.5,1.75
517,7,3,1,1,fgy4bsys,20.0,Male,6.0,40 000 - 70 000 rubles,3.0,3.0,4.0,4,6,0.5,1.5
518,7,1,1,0,au42r31p,21.0,Male,8.0,20 000 - 40 000 rubles,6.0,5.0,6.0,3,6,0.75,1.0
519,7,2,1,0,dj8u2oej,21.0,Female,8.0,<10 000 rubles,3.0,1.0,10.0,1,6,0.125,1.0
520,7,2,1,0,6yhpp3ae,21.0,Male,7.0,<10 000 rubles,4.0,3.0,7.0,1,4,0.75,1.0
521,7,2,2,1,ccna7j4r,21.0,Female,8.0,40 000 - 70 000 rubles,7.0,6.0,8.0,4,7,0.625,1.875
522,7,1,1,1,k5aiaq5z,19.0,Female,9.0,10 000 - 20 000 rubles,4.0,3.0,5.0,2,2,0.375,1.125
523,7,2,2,0,wwh5c4qx,20.0,Male,7.0,70 000 - 100 000 rubles,6.0,1.0,10.0,5,5,0.625,1.375
524,7,2,3,1,c4theher,22.0,Female,9.0,>100 000 rubles,7.0,3.0,6.0,6,6,0.75,1.75
525,7,1,1,1,gxzil8r6,21.0,Male,8.0,>100 000 rubles,8.0,3.0,10.0,6,4,0.75,1.0
526,7,2,1,1,vweul44w,20.0,Female,9.0,40 000 - 70 000 rubles,2.0,1.0,10.0,4,3,0.625,1.125
527,7,1,1,0,tssy3ee6,21.0,Female,6.0,20 000 - 40 000 rubles,8.0,3.0,8.0,3,7,0.75,2.125
528,7,2,1,0,9k4c7om1,20.0,Female,7.0,<10 000 rubles,6.0,3.0,4.0,1,5,0.5,1.25
529,7,1,3,1,w32okdcv,20.0,Male,7.0,20 000 - 40 000 rubles,3.0,1.0,10.0,3,5,0.625,1.625
530,7,1,1,1,xf3nj1in,21.0,Male,6.0,20 000 - 40 000 rubles,5.0,3.0,10.0,3,2,0.5,1.0
531,7,3,1,1,5y7x35fr,20.0,Female,8.0,10 000 - 20 000 rubles,6.0,5.0,5.0,2,5,0.375,1.375
532,7,2,1,0,xxwo1s8k,19.0,Female,9.0,40 000 - 70 000 rubles,3.0,2.0,8.0,4,7,0.5,1.125
533,7,1,1,1,pz2ntzyz,20.0,Female,6.0,20 000 - 40 000 rubles,5.0,4.0,6.0,3,4,0.75,1.0
534,7,2,1,0,lzu4f2al,20.0,Female,8.0,10 000 - 20 000 rubles,4.0,2.0,5.0,2,3,0.625,1.0
535,7,1,1,1,hqfyrx31,20.0,Female,9.0,70 000 - 100 000 rubles,5.0,3.0,3.0,5,2,0.875,1.0
536,7,2,1,0,ym95j2cc,20.0,Female,8.0,40 000 - 70 000 rubles,4.0,4.0,4.0,4,5,0.5,1.75
537,7,1,2,1,ynata8fr,21.0,Female,7.0,70 000 - 100 000 rubles,6.0,7.0,4.0,5,3,0.75,1.5
538,7,3,1,1,v2mnqbhc,21.0,Female,8.0,40 000 - 70 000 rubles,5.0,2.0,8.0,4,2,0.625,1.0
539,7,2,1,1,sqif5qxa,22.0,Male,7.0,40 000 - 70 000 rubles,2.0,4.0,5.0,4,3,0.625,1.0
540,7,2,1,1,k5kam98u,19.0,Female,8.0,20 000 - 40 000 rubles,4.0,5.0,6.0,3,2,0.75,1.875
541,7,2,3,1,7d15mdk2,19.0,Female,8.0,>100 000 rubles,8.0,2.0,9.0,6,5,0.875,2.375
542,7,1,1,1,4gzj35zj,21.0,Male,8.0,<10 000 rubles,7.0,2.0,7.0,1,5,0.5,1.75
543,7,2,3,0,x5dvpd1m,20.0,Female,8.0,40 000 - 70 000 rubles,7.0,6.0,3.0,4,8,0.625,2.25
544,7,2,3,0,9a9rdfim,21.0,Male,8.0,70 000 - 100 000 rubles,2.0,3.0,10.0,5,2,0.125,1.25
545,7,2,1,1,vlt4uukn,20.0,Male,7.0,40 000 - 70 000 rubles,8.0,8.0,2.0,4,6,0.875,1.0
546,7,2,1,1,0ow5w7je,20.0,Male,7.0,20 000 - 40 000 rubles,8.0,5.0,8.0,3,6,0.875,1.25
547,7,1,2,0,7skvogqj,20.0,Female,7.0,20 000 - 40 000 rubles,5.0,9.0,8.0,3,5,0.625,1.5
548,7,3,1,0,d8ht1iwm,20.0,Male,10.0,10 000 - 20 000 rubles,3.0,3.0,7.0,2,3,0.375,1.0
549,7,2,1,1,9y70ywn0,19.0,Male,9.0,>100 000 rubles,8.0,1.0,5.0,6,4,0.5,1.0
550,7,3,1,1,v5u2lpx3,20.0,Male,9.0,10 000 - 20 000 rubles,4.0,1.0,10.0,2,4,0.875,2.0
551,7,3,3,1,bbjpbwsz,20.0,Female,8.0,20 000 - 40 000 rubles,7.0,3.0,8.0,3,6,0.75,2.5
552,7,1,1,1,rnp0bj7s,20.0,Female,8.0,40 000 - 70 000 rubles,5.0,3.0,6.0,4,6,0.75,1.0
553,7,1,2,0,6abqubju,19.0,Female,8.0,40 000 - 70 000 rubles,4.0,3.0,8.0,4,3,0.5,1.75
554,7,2,3,0,rvgteb3g,19.0,Female,8.0,20 000 - 40 000 rubles,8.0,4.0,6.0,3,9,0.875,2.5
555,7,2,2,0,obe5mwhf,21.0,Female,8.0,20 000 - 40 000 rubles,2.0,3.0,8.0,3,4,0.5,1.75
556,7,3,2,1,f3lxg2w5,21.0,Male,9.0,70 000 - 100 000 rubles,7.0,6.0,5.0,5,6,0.75,1.375
557,7,3,1,1,hd2fmrvz,19.0,Male,7.0,10 000 - 20 000 rubles,6.0,4.0,9.0,2,2,0.625,1.625
558,7,3,1,0,5okx6ma4,21.0,Male,9.0,>100 000 rubles,3.0,5.0,5.0,6,6,0.0,1.0
559,7,3,1,1,nt0ty2kl,21.0,Male,8.0,70 000 - 100 000 rubles,10.0,2.0,10.0,5,6,0.625,1.0
560,7,2,3,0,l1rb2j0z,21.0,Female,8.0,10 000 - 20 000 rubles,7.0,3.0,9.0,2,4,0.375,1.625
561,7,1,3,1,1rdx94cq,21.0,Male,7.0,>100 000 rubles,10.0,5.0,5.0,6,1,0.75,2.375
562,7,1,1,1,fsie3o6a,21.0,Female,8.0,40 000 - 70 000 rubles,6.0,4.0,8.0,4,8,0.75,1.0
563,7,1,1,0,yk8we7oo,21.0,Female,9.0,>100 000 rubles,1.0,3.0,5.0,6,6,0.375,1.25
564,7,3,1,1,evck7avu,21.0,Female,5.0,>100 000 rubles,3.0,4.0,6.0,6,1,0.625,1.125
565,7,3,1,1,f1g8nodq,20.0,Male,8.0,40 000 - 70 000 rubles,6.0,2.0,7.0,4,7,0.75,1.875
566,7,1,2,0,jdqa11s2,21.0,Female,9.0,20 000 - 40 000 rubles,3.0,7.0,7.0,3,6,0.625,1.625
567,7,2,3,1,knyd53il,20.0,Male,8.0,20 000 - 40 000 rubles,6.0,2.0,8.0,3,6,0.625,1.875
568,7,2,3,1,ooi7nekh,21.0,Male,7.0,70 000 - 100 000 rubles,8.0,2.0,8.0,5,6,0.375,3.0
569,7,2,1,1,l7zu3ga1,21.0,Female,8.0,>100 000 rubles,9.0,6.0,9.0,6,4,0.625,1.125
570,7,3,1,1,tenkfair,21.0,Female,7.0,40 000 - 70 000 rubles,7.0,5.0,3.0,4,4,0.75,1.875
571,7,3,2,0,dw0p5aus,24.0,Female,8.0,70 000 - 100 000 rubles,6.0,4.0,9.0,5,4,0.5,2.625
572,7,3,3,1,nhrultn8,20.0,Female,7.0,40 000 - 70 000 rubles,7.0,8.0,2.0,4,6,0.5,1.75
573,7,2,3,1,knz9rl9y,20.0,Female,8.0,70 000 - 100 000 rubles,10.0,10.0,1.0,5,2,0.75,2.125
574,7,2,1,1,gisfg4h9,20.0,Female,9.0,70 000 - 100 000 rubles,8.0,4.0,8.0,5,6,0.625,1.0
575,7,2,3,1,5ud4qjhj,20.0,Male,5.0,20 000 - 40 000 rubles,7.0,6.0,8.0,3,6,0.75,1.625
576,7,3,1,1,exnfiplb,21.0,Female,8.0,20 000 - 40 000 rubles,7.0,8.0,7.0,3,4,0.5,1.0
577,7,3,1,0,4pwfi1p4,21.0,Female,8.0,70 000 - 100 000 rubles,3.0,9.0,2.0,5,4,0.625,2.0
578,7,3,1,0,l6bvwme4,21.0,Male,9.0,40 000 - 70 000 rubles,7.0,7.0,5.0,4,4,0.75,1.0
579,7,3,1,0,eqchj0w7,21.0,Male,9.0,<10 000 rubles,7.0,3.0,3.0,1,1,0.625,1.0
580,7,1,1,1,dg903mo3,21.0,Male,7.0,40 000 - 70 000 rubles,10.0,8.0,8.0,4,7,0.5,1.25
581,7,2,1,0,7iw5gvwz,21.0,Male,5.0,>100 000 rubles,5.0,10.0,3.0,6,6,0.5,1.0
582,7,1,2,1,w7tw5x8r,21.0,Female,8.0,20 000 - 40 000 rubles,9.0,3.0,2.0,3,6,0.75,1.875
583,7,3,1,0,6ixv8n1i,21.0,Female,9.0,20 000 - 40 000 rubles,8.0,2.0,5.0,3,8,0.5,1.25
584,7,2,2,0,0t505mu7,19.0,Male,5.0,10 000 - 20 000 rubles,9.0,5.0,8.0,2,7,0.5,2.625
585,7,3,1,1,b8icfsi6,21.0,Female,7.0,40 000 - 70 000 rubles,7.0,5.0,10.0,4,4,0.875,1.0
586,7,1,2,0,e0bpat9i,22.0,Female,7.0,40 000 - 70 000 rubles,7.0,2.0,7.0,4,8,0.875,2.375
587,7,1,2,1,3qcyrqp3,24.0,Male,8.0,>100 000 rubles,8.0,2.0,8.0,6,9,0.5,2.5
588,7,1,1,0,qt4qf9sm,20.0,Female,6.0,10 000 - 20 000 rubles,8.0,4.0,6.0,2,9,0.625,2.625
589,7,1,1,0,glednkge,22.0,Male,7.0,40 000 - 70 000 rubles,8.0,2.0,8.0,4,8,0.5,2.25
590,7,1,2,0,19rd7obr,19.0,Female,9.0,<10 000 rubles,8.0,1.0,9.0,1,8,0.375,2.25
591,7,1,3,0,38z8h7xh,18.0,Male,6.0,<10 000 rubles,8.0,6.0,6.0,1,7,0.75,2.875
592,7,3,2,0,yjssiiak,21.0,Male,10.0,20 000 - 40 000 rubles,8.0,2.0,8.0,3,9,0.625,2.25
593,7,2,3,0,dqqwewna,19.0,Female,7.0,70 000 - 100 000 rubles,7.0,3.0,8.0,5,7,0.625,2.625
594,7,3,1,1,hold064k,20.0,Male,6.0,>100 000 rubles,8.0,4.0,8.0,6,7,0.75,2.125
595,7,3,2,0,p0wf5ypc,20.0,Female,9.0,20 000 - 40 000 rubles,7.0,2.0,8.0,3,8,0.625,2.125
596,7,2,3,1,uoxpq3xb,22.0,Female,8.0,70 000 - 100 000 rubles,6.0,1.0,10.0,5,9,1.0,2.25
597,7,3,3,1,iii1294w,21.0,Male,7.0,20 000 - 40 000 rubles,7.0,4.0,8.0,3,9,0.75,2.5
598,7,2,2,1,0cyoyx66,22.0,Male,8.0,70 000 - 100 000 rubles,6.0,1.0,8.0,5,7,0.625,2.25
599,7,1,3,1,ax6r14op,23.0,Female,9.0,>100 000 rubles,8.0,3.0,9.0,6,7,0.625,2.0
600,7,1,3,1,3622n19e,22.0,Female,7.0,70 000 - 100 000 rubles,7.0,2.0,9.0,5,9,0.875,2.625
601,7,2,3,1,kf5m570s,22.0,Female,6.0,20 000 - 40 000 rubles,6.0,3.0,6.0,3,7,0.75,2.625
602,8,3,1,1,b0s88jol,21.0,Male,9.0,10 000 - 20 000 rubles,6.0,3.0,4.0,2,7,0.5,1.75
603,8,3,1,0,fgy4bsys,20.0,Male,6.0,40 000 - 70 000 rubles,3.0,3.0,4.0,4,6,0.5,1.5
604,8,3,1,1,au42r31p,21.0,Male,8.0,20 000 - 40 000 rubles,6.0,5.0,6.0,3,6,0.75,1.0
605,8,2,1,0,dj8u2oej,21.0,Female,8.0,<10 000 rubles,3.0,1.0,10.0,1,6,0.125,1.0
606,8,1,1,1,6yhpp3ae,21.0,Male,7.0,<10 000 rubles,4.0,3.0,7.0,1,4,0.75,1.0
607,8,2,2,0,ccna7j4r,21.0,Female,8.0,40 000 - 70 000 rubles,7.0,6.0,8.0,4,7,0.625,1.875
608,8,1,1,1,k5aiaq5z,19.0,Female,9.0,10 000 - 20 000 rubles,4.0,3.0,5.0,2,2,0.375,1.125
609,8,1,1,1,wwh5c4qx,20.0,Male,7.0,70 000 - 100 000 rubles,6.0,1.0,10.0,5,5,0.625,1.375
610,8,2,3,0,c4theher,22.0,Female,9.0,>100 000 rubles,7.0,3.0,6.0,6,6,0.75,1.75
611,8,3,1,0,gxzil8r6,21.0,Male,8.0,>100 000 rubles,8.0,3.0,10.0,6,4,0.75,1.0
612,8,2,1,1,vweul44w,20.0,Female,9.0,40 000 - 70 000 rubles,2.0,1.0,10.0,4,3,0.625,1.125
613,8,3,3,1,tssy3ee6,21.0,Female,6.0,20 000 - 40 000 rubles,8.0,3.0,8.0,3,7,0.75,2.125
614,8,3,1,0,9k4c7om1,20.0,Female,7.0,<10 000 rubles,6.0,3.0,4.0,1,5,0.5,1.25
615,8,2,1,0,w32okdcv,20.0,Male,7.0,20 000 - 40 000 rubles,3.0,1.0,10.0,3,5,0.625,1.625
616,8,2,1,0,xf3nj1in,21.0,Male,6.0,20 000 - 40 000 rubles,5.0,3.0,10.0,3,2,0.5,1.0
617,8,2,1,0,5y7x35fr,20.0,Female,8.0,10 000 - 20 000 rubles,6.0,5.0,5.0,2,5,0.375,1.375
618,8,1,1,0,xxwo1s8k,19.0,Female,9.0,40 000 - 70 000 rubles,3.0,2.0,8.0,4,7,0.5,1.125
619,8,2,1,1,pz2ntzyz,20.0,Female,6.0,20 000 - 40 000 rubles,5.0,4.0,6.0,3,4,0.75,1.0
620,8,1,1,1,lzu4f2al,20.0,Female,8.0,10 000 - 20 000 rubles,4.0,2.0,5.0,2,3,0.625,1.0
621,8,2,1,0,hqfyrx31,20.0,Female,9.0,70 000 - 100 000 rubles,5.0,3.0,3.0,5,2,0.875,1.0
622,8,3,1,1,ym95j2cc,20.0,Female,8.0,40 000 - 70 000 rubles,4.0,4.0,4.0,4,5,0.5,1.75
623,8,2,1,1,ynata8fr,21.0,Female,7.0,70 000 - 100 000 rubles,6.0,7.0,4.0,5,3,0.75,1.5
624,8,2,1,0,v2mnqbhc,21.0,Female,8.0,40 000 - 70 000 rubles,5.0,2.0,8.0,4,2,0.625,1.0
625,8,2,1,0,sqif5qxa,22.0,Male,7.0,40 000 - 70 000 rubles,2.0,4.0,5.0,4,3,0.625,1.0
626,8,1,3,1,k5kam98u,19.0,Female,8.0,20 000 - 40 000 rubles,4.0,5.0,6.0,3,2,0.75,1.875
627,8,2,1,1,7d15mdk2,19.0,Female,8.0,>100 000 rubles,8.0,2.0,9.0,6,5,0.875,2.375
628,8,3,2,0,4gzj35zj,21.0,Male,8.0,<10 000 rubles,7.0,2.0,7.0,1,5,0.5,1.75
629,8,2,3,1,x5dvpd1m,20.0,Female,8.0,40 000 - 70 000 rubles,7.0,6.0,3.0,4,8,0.625,2.25
630,8,1,1,0,9a9rdfim,21.0,Male,8.0,70 000 - 100 000 rubles,2.0,3.0,10.0,5,2,0.125,1.25
631,8,1,1,1,vlt4uukn,20.0,Male,7.0,40 000 - 70 000 rubles,8.0,8.0,2.0,4,6,0.875,1.0
632,8,2,1,0,0ow5w7je,20.0,Male,7.0,20 000 - 40 000 rubles,8.0,5.0,8.0,3,6,0.875,1.25
633,8,2,1,1,7skvogqj,20.0,Female,7.0,20 000 - 40 000 rubles,5.0,9.0,8.0,3,5,0.625,1.5
634,8,3,1,1,d8ht1iwm,20.0,Male,10.0,10 000 - 20 000 rubles,3.0,3.0,7.0,2,3,0.375,1.0
635,8,1,1,1,9y70ywn0,19.0,Male,9.0,>100 000 rubles,8.0,1.0,5.0,6,4,0.5,1.0
636,8,1,3,1,v5u2lpx3,20.0,Male,9.0,10 000 - 20 000 rubles,4.0,1.0,10.0,2,4,0.875,2.0
637,8,2,2,1,bbjpbwsz,20.0,Female,8.0,20 000 - 40 000 rubles,7.0,3.0,8.0,3,6,0.75,2.5
638,8,1,1,1,rnp0bj7s,20.0,Female,8.0,40 000 - 70 000 rubles,5.0,3.0,6.0,4,6,0.75,1.0
639,8,1,3,1,6abqubju,19.0,Female,8.0,40 000 - 70 000 rubles,4.0,3.0,8.0,4,3,0.5,1.75
640,8,3,2,1,rvgteb3g,19.0,Female,8.0,20 000 - 40 000 rubles,8.0,4.0,6.0,3,9,0.875,2.5
641,8,3,3,1,obe5mwhf,21.0,Female,8.0,20 000 - 40 000 rubles,2.0,3.0,8.0,3,4,0.5,1.75
642,8,3,3,1,f3lxg2w5,21.0,Male,9.0,70 000 - 100 000 rubles,7.0,6.0,5.0,5,6,0.75,1.375
643,8,3,1,1,hd2fmrvz,19.0,Male,7.0,10 000 - 20 000 rubles,6.0,4.0,9.0,2,2,0.625,1.625
644,8,3,1,0,5okx6ma4,21.0,Male,9.0,>100 000 rubles,3.0,5.0,5.0,6,6,0.0,1.0
645,8,3,1,1,nt0ty2kl,21.0,Male,8.0,70 000 - 100 000 rubles,10.0,2.0,10.0,5,6,0.625,1.0
646,8,3,1,0,l1rb2j0z,21.0,Female,8.0,10 000 - 20 000 rubles,7.0,3.0,9.0,2,4,0.375,1.625
647,8,1,2,0,1rdx94cq,21.0,Male,7.0,>100 000 rubles,10.0,5.0,5.0,6,1,0.75,2.375
648,8,2,1,1,fsie3o6a,21.0,Female,8.0,40 000 - 70 000 rubles,6.0,4.0,8.0,4,8,0.75,1.0
649,8,3,3,1,yk8we7oo,21.0,Female,9.0,>100 000 rubles,1.0,3.0,5.0,6,6,0.375,1.25
650,8,1,1,0,evck7avu,21.0,Female,5.0,>100 000 rubles,3.0,4.0,6.0,6,1,0.625,1.125
651,8,3,3,1,f1g8nodq,20.0,Male,8.0,40 000 - 70 000 rubles,6.0,2.0,7.0,4,7,0.75,1.875
652,8,1,2,1,jdqa11s2,21.0,Female,9.0,20 000 - 40 000 rubles,3.0,7.0,7.0,3,6,0.625,1.625
653,8,3,1,0,knyd53il,20.0,Male,8.0,20 000 - 40 000 rubles,6.0,2.0,8.0,3,6,0.625,1.875
654,8,3,3,1,ooi7nekh,21.0,Male,7.0,70 000 - 100 000 rubles,8.0,2.0,8.0,5,6,0.375,3.0
655,8,1,1,0,l7zu3ga1,21.0,Female,8.0,>100 000 rubles,9.0,6.0,9.0,6,4,0.625,1.125
656,8,2,3,1,tenkfair,21.0,Female,7.0,40 000 - 70 000 rubles,7.0,5.0,3.0,4,4,0.75,1.875
657,8,1,3,1,dw0p5aus,24.0,Female,8.0,70 000 - 100 000 rubles,6.0,4.0,9.0,5,4,0.5,2.625
658,8,3,3,1,nhrultn8,20.0,Female,7.0,40 000 - 70 000 rubles,7.0,8.0,2.0,4,6,0.5,1.75
659,8,2,2,1,knz9rl9y,20.0,Female,8.0,70 000 - 100 000 rubles,10.0,10.0,1.0,5,2,0.75,2.125
660,8,1,1,1,gisfg4h9,20.0,Female,9.0,70 000 - 100 000 rubles,8.0,4.0,8.0,5,6,0.625,1.0
661,8,3,1,0,5ud4qjhj,20.0,Male,5.0,20 000 - 40 000 rubles,7.0,6.0,8.0,3,6,0.75,1.625
662,8,2,1,1,exnfiplb,21.0,Female,8.0,20 000 - 40 000 rubles,7.0,8.0,7.0,3,4,0.5,1.0
663,8,1,3,1,4pwfi1p4,21.0,Female,8.0,70 000 - 100 000 rubles,3.0,9.0,2.0,5,4,0.625,2.0
664,8,3,1,1,l6bvwme4,21.0,Male,9.0,40 000 - 70 000 rubles,7.0,7.0,5.0,4,4,0.75,1.0
665,8,3,1,1,eqchj0w7,21.0,Male,9.0,<10 000 rubles,7.0,3.0,3.0,1,1,0.625,1.0
666,8,3,2,1,dg903mo3,21.0,Male,7.0,40 000 - 70 000 rubles,10.0,8.0,8.0,4,7,0.5,1.25
667,8,3,1,0,7iw5gvwz,21.0,Male,5.0,>100 000 rubles,5.0,10.0,3.0,6,6,0.5,1.0
668,8,3,1,1,w7tw5x8r,21.0,Female,8.0,20 000 - 40 000 rubles,9.0,3.0,2.0,3,6,0.75,1.875
669,8,3,1,0,6ixv8n1i,21.0,Female,9.0,20 000 - 40 000 rubles,8.0,2.0,5.0,3,8,0.5,1.25
670,8,2,3,1,0t505mu7,19.0,Male,5.0,10 000 - 20 000 rubles,9.0,5.0,8.0,2,7,0.5,2.625
671,8,3,1,1,b8icfsi6,21.0,Female,7.0,40 000 - 70 000 rubles,7.0,5.0,10.0,4,4,0.875,1.0
672,8,3,3,1,e0bpat9i,22.0,Female,7.0,40 000 - 70 000 rubles,7.0,2.0,7.0,4,8,0.875,2.375
673,8,1,1,0,3qcyrqp3,24.0,Male,8.0,>100 000 rubles,8.0,2.0,8.0,6,9,0.5,2.5
674,8,2,3,0,qt4qf9sm,20.0,Female,6.0,10 000 - 20 000 rubles,8.0,4.0,6.0,2,9,0.625,2.625
675,8,2,3,0,glednkge,22.0,Male,7.0,40 000 - 70 000 rubles,8.0,2.0,8.0,4,8,0.5,2.25
676,8,2,3,0,19rd7obr,19.0,Female,9.0,<10 000 rubles,8.0,1.0,9.0,1,8,0.375,2.25
677,8,1,3,1,38z8h7xh,18.0,Male,6.0,<10 000 rubles,8.0,6.0,6.0,1,7,0.75,2.875
678,8,1,2,1,yjssiiak,21.0,Male,10.0,20 000 - 40 000 rubles,8.0,2.0,8.0,3,9,0.625,2.25
679,8,3,3,1,dqqwewna,19.0,Female,7.0,70 000 - 100 000 rubles,7.0,3.0,8.0,5,7,0.625,2.625
680,8,1,2,1,hold064k,20.0,Male,6.0,>100 000 rubles,8.0,4.0,8.0,6,7,0.75,2.125
681,8,1,1,1,p0wf5ypc,20.0,Female,9.0,20 000 - 40 000 rubles,7.0,2.0,8.0,3,8,0.625,2.125
682,8,1,3,1,uoxpq3xb,22.0,Female,8.0,70 000 - 100 000 rubles,6.0,1.0,10.0,5,9,1.0,2.25
683,8,2,2,1,iii1294w,21.0,Male,7.0,20 000 - 40 000 rubles,7.0,4.0,8.0,3,9,0.75,2.5
684,8,3,2,1,0cyoyx66,22.0,Male,8.0,70 000 - 100 000 rubles,6.0,1.0,8.0,5,7,0.625,2.25
685,8,1,2,1,ax6r14op,23.0,Female,9.0,>100 000 rubles,8.0,3.0,9.0,6,7,0.625,2.0
686,8,3,2,1,3622n19e,22.0,Female,7.0,70 000 - 100 000 rubles,7.0,2.0,9.0,5,9,0.875,2.625
687,8,1,3,1,kf5m570s,22.0,Female,6.0,20 000 - 40 000 rubles,6.0,3.0,6.0,3,7,0.75,2.625
